SES.Quintile,Sex,Month,Age,Deaths.2015,Deaths.2016,Deaths.2017,Deaths.2018,Deaths.2019
1,1,1,0,276,266.0167353,278.0444625,294,249
2,1,1,0,242.0198093,251.0091099,256.0086324,245.0303199,206
3,1,1,0,231.0081022,266,197.0075818,217,199.0075352
4,1,1,0,206.0315394,172,188.0083608,184.029154,188.0083556
5,1,1,0,158.0147535,153,140.0057985,138,148.0217439
All,1,1,0,1113.076233,1108.026688,1059.071926,1078.059793,990.0375863
1,2,1,0,235.0072946,216,211,209,176.0054848
2,2,1,0,196,181,190,188.0062696,171
3,2,1,0,190.0073044,173,171,194,128.0101569
4,2,1,0,149.0125649,146,140,123,142
5,2,1,0,135.0056156,108,116,108,99.00495188
All,2,1,0,905.0337833,824,828,822.0057683,716.0227404
1,1,2,0,259.0258054,303.0209136,262,224,203
2,1,2,0,254.0109713,220.0172357,223,210.0150889,226
3,1,2,0,189.0090598,215.0096114,197.008234,200.0080978,185
4,1,2,0,166.0254291,201.0202448,167.0081752,161.0084949,178.0271176
5,1,2,0,149.0086824,124,122,131,128.0354047
All,1,2,0,1017.080865,1063.063861,971.0164413,926.0308608,920.0614521
1,2,2,0,209.0075954,186,188.0063732,199,184
2,2,2,0,200,177,184,144,167
3,2,2,0,171.0078899,183,138,157.0060405,139
4,2,2,0,143.0070774,174,119.0116785,123.0057261,135
5,2,2,0,115,111,114,108,90
All,2,2,0,838.0220825,831,743.0192658,731.012499,715
1,1,3,0,286.0273211,281,276.0168203,261,252.0159724
2,1,3,0,229,235.0147516,228.0252607,246.026298,224.0079422
3,1,3,0,258.0099192,243.0097573,200.0068134,238.0091001,213.0079177
4,1,3,0,201.0176298,157.0141254,174.0160898,172.0240309,184.0157143
5,1,3,0,144,172.0254057,147.0311177,134.0337087,125.0143396
All,1,3,0,1118.055147,1088.070276,1025.096728,1051.099167,998.0610104
1,2,3,0,227,276.010014,223,215.0083233,241.0165404
2,2,3,0,186.0145247,205,216.0165764,188.0148194,190
3,2,3,0,195,171.0079225,171,151,176
4,2,3,0,154.0144993,150,147.0066436,147.0079659,133
5,2,3,0,141.0150083,121,119,120,100.0047235
All,2,3,0,903.0447539,923.0153298,876.0210989,821.0270044,840.0203136
1,1,4,0,288.0091207,294.0194475,271,262,213.0065527
2,1,4,0,254,218.0091848,249.0280815,225.0150412,217.0084962
3,1,4,0,220,230.0195478,202.0166728,199.0166196,210
4,1,4,0,169.0174476,168.0169914,212,157.0080526,145.0208211
5,1,4,0,171.0111588,126.0228514,143.0230686,139.0330275,125.0144784
All,1,4,0,1102.038945,1036.089636,1077.073025,982.0740666,910.0527239
1,2,4,0,231,205,186.0070503,177.0063389,196
2,2,4,0,182.0167126,215.0093271,172,177,191.0167898
3,2,4,0,165.0078345,182,158.0053631,172.0136126,162
4,2,4,0,154,148.0076171,146.0164164,131.0067188,163.0092565
5,2,4,0,126,103.0053327,141,117,112
All,2,4,0,858.0231408,853.0229301,803.0282173,774.0271994,824.0216035
1,1,5,0,294,279.0176607,249,278.0095724,271.0172563
2,1,5,0,232.0111475,223.0451542,260.0114128,232.0182678,208
3,1,5,0,233.0306211,210.0258693,229,192.0232513,225
4,1,5,0,182.0099175,209.0238317,174.0270861,185,190.0461051
5,1,5,0,149.0099052,151.0183525,158.019223,135.0225051,136.0263296
All,1,5,0,1090.05745,1072.130924,1070.054461,1022.077497,1030.092232
1,2,5,0,239,231,175.0058216,203,200
2,2,5,0,199,201,191,192,168
3,2,5,0,200,174.0084524,159,145,178
4,2,5,0,128,160.0086553,160.0093516,123,143.0077266
5,2,5,0,119,113.0071309,124.0166303,100.0059404,81
All,2,5,0,885,879.0239989,809.0289502,763.0069317,770.0067521
1,1,6,0,263.0094221,258,281.019583,216.0073946,280.0193109
2,1,6,0,231.0269153,252,245.0300644,232.008409,235.0467762
3,1,6,0,216.0194523,214.0107074,232,189,208.0176801
4,1,6,0,208.0490933,190,193.0262938,196.0100153,164
5,1,6,0,167.0670202,143.027907,154.0082411,118.0426576,142.0082489
All,1,6,0,1085.160867,1057.03865,1105.087749,951.0666258,1029.087876
1,2,6,0,227,238,249.0163733,180,196.00729
2,2,6,0,200,196.0094882,181.0083129,174.0078553,167.0080171
3,2,6,0,191.0101199,162,179,163,151
4,2,6,0,173,166.0099778,138.0150215,119,143.009296
5,2,6,0,137.0077458,126.0057373,115.0193483,120.005,97
All,2,6,0,928.0179772,888.0257016,862.0653166,756.0142772,754.0208841
1,1,7,0,279.0286872,230.0158848,246.006702,266.0188798,251.0084176
2,1,7,0,209.035441,272.0117895,235.0105442,204.0163334,239.0278645
3,1,7,0,247,216.0104606,226,238,205.0165904
4,1,7,0,214,177,164.0080611,160.0318026,171.0335796
5,1,7,0,154.0330797,163.0104712,154.010636,149.0254053,129.0057537
All,1,7,0,1103.099649,1058.046799,1025.035705,1017.095474,995.0915027
1,2,7,0,206.0077313,224.0180775,212,193.0080735,197
2,2,7,0,171,196.0093285,169,184.0072296,171.0070441
3,2,7,0,210,176,140,185,159
4,2,7,0,181,150.0162605,141,140,143.0072509
5,2,7,0,106.0122109,131,93.00536222,107.0069087,103.0177684
All,2,7,0,874.0246776,877.0411177,755.0070538,809.022488,773.0352707
1,1,8,0,269.0099184,278.0191383,263.0362792,260,240.0166034
2,1,8,0,244,262.0105105,254.0284455,249.0295089,228.017878
3,1,8,0,215.0281502,238,246.0106723,209.0086391,201
4,1,8,0,197.0319402,173.0191478,178.0092535,159,167.0244944
5,1,8,0,161,163.0093783,139,141.03361,146.0438838
All,1,8,0,1086.069094,1114.058904,1080.084515,1018.069912,982.0995607
1,2,8,0,258.0103471,196,224.0087141,190,202.0073809
2,2,8,0,192.0089035,202,173,166.0068009,177.0257909
3,2,8,0,191.0083617,181.0082714,160,173,160.008013
4,2,8,0,152.0163457,150.0080455,149,148,120.0051304
5,2,8,0,108.0143417,129.0074212,110.0072802,118.013242,137.0180471
All,2,8,0,901.0604316,858.0241851,816.0152713,795.022134,796.0584757
1,1,9,0,264,237.0165506,270,245.017029,255.0327173
2,1,9,0,266.0341029,251.0217011,237.0088844,256,212.0172012
3,1,9,0,246.0119081,213,207.0087148,214.0168023,199.0081664
4,1,9,0,177.0193162,181.0297363,179,142.0072128,167.0263211
5,1,9,0,142.02671,162.0281684,156,153.0546697,133.0128697
All,1,9,0,1095.091939,1044.095527,1049.018465,1010.098022,966.100269
1,2,9,0,222,229.0083757,243.0193845,199,183.0129719
2,2,9,0,196,186.0085893,202.0088929,186,170.0074094
3,2,9,0,176.0168864,190.0168566,177.0083019,181,161
4,2,9,0,152,166.0096597,126.0064619,154.0082345,137
5,2,9,0,117.0070873,116.0053717,109,100.0140274,103.0116501
All,2,9,0,863.0252089,887.0506828,857.0401831,820.023353,754.0352044
1,1,10,0,249.0172919,273.0182776,282.0369276,255.0078288,240.021638
2,1,10,0,254.0102343,263,221.0184102,244.0099208,189
3,1,10,0,231.0199447,222.0092963,212.0076807,209,178
4,1,10,0,183.0088469,194.0094377,186.0347685,165.0082079,168.0082155
5,1,10,0,140.0157249,154.029557,134.0139567,164.0710552,142.0079357
All,1,10,0,1057.07442,1106.075402,1035.113309,1037.094698,917.0373831
1,2,10,0,230,217,232.0085424,184,184
2,2,10,0,189.008075,209,178,201.025703,195
3,2,10,0,180.0089301,179.0084446,193,174,149
4,2,10,0,147,160.0073939,134,147,141
5,2,10,0,110,100.0043006,108,115.0254659,111
All,2,10,0,856.0155779,865.0232604,845.0075201,821.0506665,780
1,1,11,0,249.008551,252.0413138,239.0074366,251.0081088,251.0159877
2,1,11,0,228.0087831,252,242.0091302,192,215.0078964
3,1,11,0,237,210.0151385,206,196,187
4,1,11,0,168.0087078,203.0111612,169.0327934,177.0091203,156.014676
5,1,11,0,134.0065765,143.0179308,130.0071979,146.0662024,139.0149356
All,1,11,0,1016.036397,1060.091447,986.058153,962.0804651,948.0537676
1,2,11,0,195,203.007608,207,190,196.0077525
2,2,11,0,195,180,186.0079011,176,166.0061334
3,2,11,0,165.0085046,160.0062448,171,154,149
4,2,11,0,126,131,123.00659,140,130.0057335
5,2,11,0,119.0044439,102.0307392,125.0080067,102.0107298,111.0320869
All,2,11,0,800.014798,776.0487691,812.0217124,762.013391,752.0520447
1,1,12,0,269.0089043,264.0400678,251.007713,255.0156712,236.0080962
2,1,12,0,237.0185245,228.0091603,210.0372547,208.0060368,232
3,1,12,0,241.0198017,220,203,226,208
4,1,12,0,232,204.0370074,181.0080645,179.0077359,170.0082169
5,1,12,0,147.0159925,145.0158382,141.0211047,146.0309386,143.0362594
All,1,12,0,1126.066259,1061.100605,986.075188,1014.06352,989.0528542
1,2,12,0,220.0136128,203.0180063,225.0079344,156,195
2,2,12,0,164.0188633,169,198.0147753,167,176.0077484
3,2,12,0,175.0068844,171,175.0068478,154,135.0053055
4,2,12,0,158,161.014796,144,153.0075272,157
5,2,12,0,119.0057047,129,119,95.00959601,110.0106422
All,2,12,0,836.0509916,833.0339623,861.0270107,725.0178921,773.0247398
1,1,1,4-Jan,49,54.00335748,42.0059198,54,51
2,1,1,4-Jan,43.00280878,41.00138964,34.0013555,43.00541378,31
3,1,1,4-Jan,38.00140231,27,35.00145804,36,36.00090423
4,1,1,4-Jan,26.00366737,29,30.00195677,25.00452161,24.00106667
5,1,1,4-Jan,32.00323858,20,22.00088452,36,23.00341273
All,1,1,4-Jan,188.0128768,171.0041188,163.0110708,194.0107605,165.0062644
1,2,1,4-Jan,39.00133206,35,34,44,33.00085319
2,2,1,4-Jan,26,39,25,29.00109036,37
3,2,1,4-Jan,23.00094251,25,29,30,21.00165087
4,2,1,4-Jan,16.00135532,25,17,29,27
5,2,1,4-Jan,23.0012959,26,15,26,20.00065402
All,2,1,4-Jan,127.0047409,150,120,158.0011087,138.0043829
1,1,2,4-Jan,48.00465914,40.00330215,42,45,47
2,1,2,4-Jan,45.00178602,28.00180565,38,50.00381194,37
3,1,2,4-Jan,31.00136752,42.00165714,46.00240158,38.00087329,29
4,1,2,4-Jan,36.00547734,32.0031988,22.00131207,30.00129922,28.00427706
5,1,2,4-Jan,22.00093864,26,18,12,20.00545893
All,1,2,4-Jan,182.0144714,168.0100929,166.0028108,175.0058322,161.0107541
1,2,2,4-Jan,55.00179892,31,30.00065703,38,42
2,2,2,4-Jan,25,37,29,20,21
3,2,2,4-Jan,22.00083935,31,28,24.00119108,34
4,2,2,4-Jan,30.00139553,21,14.00137391,19.00088854,31
5,2,2,4-Jan,13,24,25,20,15
All,2,2,4-Jan,145.003821,144,126.0032672,121.0020689,143
1,1,3,4-Jan,43.00348389,51,54.00331453,59,41.00195346
2,1,3,4-Jan,45,52.00388199,41.00454553,50.00539447,26.00093863
3,1,3,4-Jan,46.00151988,35.00103125,39.00156629,43.00163335,37.00140595
4,1,3,4-Jan,32.00352595,24.00232198,30.00277411,27.00331461,20.00214286
5,1,3,4-Jan,24,26.00395236,22.00510258,17.00424638,23.00220609
All,1,3,4-Jan,190.0093721,188.0121433,186.0175526,196.0184936,147.0089865
1,2,3,4-Jan,50,37.00114811,45,32.00106708,30.00180694
2,2,3,4-Jan,30.00195838,48,38.00293284,30.00236238,37
3,2,3,4-Jan,22,33.00112036,30,26,31
4,2,3,4-Jan,17.00160278,29,19.00102929,23.00142248,23
5,2,3,4-Jan,14.00136439,19,19,20,22.00129666
All,2,3,4-Jan,133.0065917,166.002757,151.0036369,131.0043089,143.0034581
1,1,4,4-Jan,70.00183727,64.00386374,55,55,60.00209417
2,1,4,4-Jan,42,59.00270625,35.0040128,39.00448036,44.00185371
3,1,4,4-Jan,48,41.0034842,32.00263451,29.00258169,34
4,1,4,4-Jan,29.00300167,27.00273138,37,17.00068742,24.00469208
5,1,4,4-Jan,25.00160944,25.00447069,26.00404858,18.00285423,22.00178501
All,1,4,4-Jan,214.0075629,216.0186887,185.0125438,158.011917,184.0106607
1,2,4,4-Jan,42,45,46.00222239,28.0009441,40
2,2,4,4-Jan,26.00116988,32.0013947,27,32,39.00285426
3,2,4,4-Jan,31.00161799,24,27.00123088,19.00209424,23
4,2,4,4-Jan,21,21.00113227,18.0014014,20.00130365,22.00130798
5,2,4,4-Jan,18,26.00092743,19,14,14
All,2,4,4-Jan,138.003722,148.0039785,137.0048142,113.003971,138.0036181
1,1,5,4-Jan,68,56.00322377,54,66.00233012,58.00370922
2,1,5,4-Jan,45.00204918,51.0106267,41.00181031,51.00400944,41
3,1,5,4-Jan,48.00635968,50.00650834,43,45.00542337,43
4,1,5,4-Jan,28.00135714,28.00248679,34.00501471,42,28.00710673
5,1,5,4-Jan,29.00181063,31.00426803,27.0038446,30.00455186,17.00319847
All,1,5,4-Jan,218.0114899,216.0263803,199.0101288,234.017744,187.0167451
1,2,5,4-Jan,42,42,47.00124749,53,37
2,2,5,4-Jan,29,30,37,30,39
3,2,5,4-Jan,33,27.00095852,40,22,28
4,2,5,4-Jan,24,27.00116107,27.00133594,19,28.00138683
5,2,5,4-Jan,23,13.00083893,14.00166303,23.00106078,31
All,2,5,4-Jan,151,139.003795,165.0059046,147.0013355,163.0014293
1,1,6,4-Jan,49.00200312,55,66.00426297,52.00236916,58.00388997
2,1,6,4-Jan,65.00738851,44,51.00648145,27.00067272,47.00939865
3,1,6,4-Jan,31.00277859,45.00155578,51,46,37.00231328
4,1,6,4-Jan,44.00884564,25,29.00313022,35.00183955,23
5,1,6,4-Jan,24.00927397,20.00232558,25.00147601,28.00799829,26.00167067
All,1,6,4-Jan,213.0315804,189.0069109,222.0176293,188.013171,191.0163113
1,2,6,4-Jan,44,43,32.00231834,48,48.00169863
2,2,6,4-Jan,22,34.00164219,40.00175009,31.00146145,24.00115803
3,2,6,4-Jan,31.00147377,31,27,30,32
4,2,6,4-Jan,27,28.00144124,13.00141535,22,19.00135784
5,2,6,4-Jan,20.00145936,28.0020752,17.0025587,17.00121951,21
All,2,6,4-Jan,144.0027896,164.0047467,129.0097748,148.002795,144.0039885
1,1,7,4-Jan,56.00508795,66.00309618,61.00195476,68.00559401,59.00196864
2,1,7,4-Jan,49.00831504,57.00202105,58.00235218,56.00447711,37.00441996
3,1,7,4-Jan,37,58.00236207,46,38,45.00363599
4,1,7,4-Jan,35,28,33.00230318,37.0073493,30.00588766
5,1,7,4-Jan,15.00297717,23.00128219,23.00161152,19.0027654,27.0013809
All,1,7,4-Jan,192.0173461,232.0102622,221.0076983,218.0204655,198.0182086
1,2,7,4-Jan,41.0018523,34.00314391,33,38.00151878,36
2,2,7,4-Jan,25,35.00167209,32,28.00098179,31.00156535
3,2,7,4-Jan,29,35,35,29,26
4,2,7,4-Jan,26,22.00238487,27,34,13.00052543
5,2,7,4-Jan,19.00218688,24,16.00109433,18.00153526,14.00253834
All,2,7,4-Jan,140.0039529,150.0070327,143.001336,147.0040862,120.0054754
1,1,8,4-Jan,62.00235104,57.00393697,50.00723319,62,44.00270288
2,1,8,4-Jan,42,43.00125125,43.00548948,44.00510165,41.00321426
3,1,8,4-Jan,53.00742844,38,34.00142857,36.00139872,32
4,1,8,4-Jan,25.00383551,32.0039979,36.0023648,37,23.00327091
5,1,8,4-Jan,28,26.00147524,30,18.00456432,23.00589315
All,1,8,4-Jan,210.0133607,196.0103637,193.0151032,197.0135291,163.0165259
1,2,8,4-Jan,42.00136524,39,29.00097728,48,45.0015765
2,2,8,4-Jan,28.00112465,30,41,34.00190424,31.00490028
3,2,8,4-Jan,25.0006432,20.00111524,27,20,35.0016206
4,2,8,4-Jan,28.00268697,22.00118,20,18,25.00160325
5,2,8,4-Jan,23.00268908,25.00152788,19.00086928,16.00181721,18.00214846
All,2,8,4-Jan,146.0097925,136.0038335,136.0025452,136.0037864,154.0113131
1,1,9,4-Jan,45,52.00289635,45,50.00351833,45.00680079
2,1,9,4-Jan,44.00565498,37.00320092,51.00176012,39,40.00325258
3,1,9,4-Jan,28.00120004,37,30.00143836,39.00367551,22.00085962
4,1,9,4-Jan,18.00199822,24.00378297,27,33.00144256,26.0036305
5,1,9,4-Jan,21.00370831,14.00222236,23,26.00896159,22.0026985
All,1,9,4-Jan,156.0130981,164.0150062,176.0030981,187.0181486,155.0160887
1,2,9,4-Jan,46,34.00114539,33.00242307,29,35.00247777
2,2,9,4-Jan,27,37.00168052,34.00163339,24,25.00126502
3,2,9,4-Jan,21.00204384,33.00287329,27.00113208,28,25
4,2,9,4-Jan,22,19.00087816,18.00084746,21.00120773,26
5,2,9,4-Jan,22.00114312,15.00073251,10,15.00241096,14.00169456
All,2,9,4-Jan,138.0040311,138.0078853,122.0057203,117.0033321,125.0058363
1,1,10,4-Jan,47.00328689,46.003088,38.00499309,40.00141729,43.00343782
2,1,10,4-Jan,43.00228368,33,32.00234028,35.0012801,37
3,1,10,4-Jan,35.00335205,42.00146783,37.0012523,40,42
4,1,10,4-Jan,31.00183038,26.00109279,40.00770652,20.00117256,24.00105082
5,1,10,4-Jan,22.00251089,18.0030665,20.0018609,21.00885282,22.00114734
All,1,10,4-Jan,178.0125323,165.0112489,167.0182827,156.0142457,168.0068488
1,2,10,4-Jan,41,37,33.00139784,29,22
2,2,10,4-Jan,26.00086828,34,28,28.00352121,22
3,2,10,4-Jan,34.00180319,35.00145283,32,15,24
4,2,10,4-Jan,22,28.00172187,20,32,22
5,2,10,4-Jan,13,20.00056587,12,16.00291885,NA
All,2,10,4-Jan,136.002475,154.0041412,125.0011124,120.0074056,98
1,1,11,4-Jan,52.00168327,42.00701937,42.00108053,56.00174651,27.00173027
2,1,11,4-Jan,39.00119383,42,36.00136152,45,31.00091996
3,1,11,4-Jan,33,46.00498882,37,33,25
4,1,11,4-Jan,24.00139755,18.00092156,31.00513631,26.00156909,30.00282101
5,1,11,4-Jan,20.00109609,27.00329761,19.00061697,19.00807347,18.00216174
All,1,11,4-Jan,168.0060183,175.0150974,165.0097315,179.0149722,131.0074299
1,2,11,4-Jan,36,28.00089102,40,37,47.00184584
2,2,11,4-Jan,41,28,34.00120234,35,31.0010775
3,2,11,4-Jan,22.00097449,26.00073469,37,29,18
4,2,11,4-Jan,31,30,16.00052301,23,18.00108739
5,2,11,4-Jan,14.00079763,29.00786645,18.00103983,13.00141715,13.00318657
All,2,11,4-Jan,144.0026636,141.0088614,145.0038772,137.0024076,127.0087895
1,1,12,4-Jan,50.00151563,54.00842965,58.00171401,48.00296375,50.00168151
2,1,12,4-Jan,41.00320374,31.00160305,42.00771059,30.00105644,58
3,1,12,4-Jan,35.00290047,25,41,34,30
4,1,12,4-Jan,23,40.0076859,30.00170251,29.00098948,37.00219118
5,1,12,4-Jan,23.00250016,26.00343479,18.00249997,20.00389292,16.00372096
All,1,12,4-Jan,172.0101213,176.0166885,189.0144123,161.0100856,191.0102074
1,2,12,4-Jan,37.00188692,43.00278448,39.00119016,38,42
2,2,12,4-Jan,31.00357356,38,41.00274181,21,38.00157978
3,2,12,4-Jan,34.00105914,34,23.00097825,22,21.00088424
4,2,12,4-Jan,26,22.00202617,28,23.00139392,20
5,2,12,4-Jan,14.00055928,22,18,NA,21.00204663
All,2,12,4-Jan,142.0086613,159.0064826,149.0046743,112.002764,142.0045447
1,1,1,14-May,64,64.00403518,70.0101446,63,82
2,1,1,14-May,68.00369576,50.00200726,62.00263965,54.00665018,60
3,1,1,14-May,50.00233718,67,46.00160385,70,57.00180845
4,1,1,14-May,44.00806821,37,45.00222361,44.00755228,45.0024
5,1,1,14-May,37.0034185,44,34.00117936,41,28.00416882
All,1,1,14-May,263.0180138,262.0063107,257.0174552,272.0150869,272.0103267
1,2,1,14-May,47.00164922,57,58,59,59.00134073
2,2,1,14-May,44,47,47,65.00197628,41
3,2,1,14-May,41.00188501,39,28,47,43.00341504
4,2,1,14-May,37.0031104,36,32,22,28
5,2,1,14-May,28.00138229,32,27,37,28.00186863
All,2,1,14-May,197.0073539,211,192,230.001614,199.0063203
1,1,2,14-May,70.00681793,64.00440286,80,60,65
2,1,2,14-May,48.00238136,64.00476034,54,52.00317662,49
3,1,2,14-May,58.00316239,42.00149142,45.0020585,52.00198476,49
4,1,2,14-May,43.00683077,37.00372908,43.00242229,45.00269838,38.00583347
5,1,2,14-May,38.0019946,36,39,36,31.00727781
All,1,2,14-May,257.0204348,243.0145986,261.0044193,245.0081651,232.0154966
1,2,2,14-May,43.00126591,63,46.00144547,51,54
2,2,2,14-May,44,53,39,41,51
3,2,2,14-May,42.00201444,40,39,45.0018717,32
4,2,2,14-May,32.0015949,33,22.00215906,36.00138217,32
5,2,2,14-May,26,39,22,33,35
All,2,2,14-May,187.0049277,228,168.0043562,206.0035223,204
1,1,3,14-May,82.00678443,66,69.00421992,57,72.00333238
2,1,3,14-May,54,56.00388199,54.0055763,71.00696786,62.00252708
3,1,3,14-May,48.00159987,60.00182453,80.00297596,57.00171113,53.00258991
4,1,3,14-May,56.00607248,48.00580495,48.00443934,40.00497192,51.00517857
5,1,3,14-May,39,35.00530263,51.01021941,43.01052641,36.00312529
All,1,3,14-May,279.0137621,265.0171169,302.0284993,268.0252872,274.0167503
1,2,3,14-May,64,39.00102054,65,50.00170733,50.00403086
2,2,3,14-May,43.00391677,40,48.00366613,44.00346679,30
3,2,3,14-May,32,35.00176056,37,36,42
4,2,3,14-May,34.00320321,48,37.00102929,48.00227596,30
5,2,3,14-May,25.0031186,31,24,32,33.00175975
All,2,3,14-May,198.0098132,193.0032055,211.0050821,210.0069073,185.0044738
1,1,4,14-May,75.00229659,60.00321978,77,62,81.00249949
2,1,4,14-May,49,51.00196818,58.00690652,66.00576046,45.00154476
3,1,4,14-May,49,51.00433378,55.00454214,54.00532473,46
4,1,4,14-May,40.0041412,51.0051607,47,30.00127664,38.00762463
5,1,4,14-May,33.00128755,30.00487101,31.00506691,29.00489297,41.00436335
All,1,4,14-May,246.0086938,243.0210248,268.0181715,241.0181772,251.0145425
1,2,4,14-May,49,39,50.00183922,52.00128127,42
2,2,4,14-May,36.00250689,46.00191771,47,37,41.00268637
3,2,4,14-May,37.00187346,36,44.00184632,42.0034904,36
4,2,4,14-May,25,35.001544,43.004004,43.00190533,41.00140859
5,2,4,14-May,21,24.00069557,30,26,26
All,2,4,14-May,168.0045311,180.0048387,214.0075199,200.0070283,186.0048765
1,1,5,14-May,78,69.0050459,80,67.00176334,86.00549226
2,1,5,14-May,58.00196721,53.01096411,57.00236128,71.00559021,48
3,1,5,14-May,48.00619654,50.00614643,53,48.00623125,41
4,1,5,14-May,51.0021923,36.00290125,32.00453004,41,55.01335125
5,1,5,14-May,40.00223666,47.00554844,31.0034399,40.00662054,40.00855126
All,1,5,14-May,275.0144942,255.0311434,253.0128773,267.0202464,270.0241774
1,2,5,14-May,49,45,57.0013861,54,55
2,2,5,14-May,50,50,41,54,33
3,2,5,14-May,49,36.00182991,48,40,33
4,2,5,14-May,29,29.00179438,38.00184976,31,36.00178306
5,2,5,14-May,27,33.00230705,33.00394969,28.00159117,30
All,2,5,14-May,204,193.0052694,217.0077654,207.0018806,187.0016398
1,1,6,14-May,85.00400623,81,59.00426297,78.00272812,85.00625174
2,1,6,14-May,78.01029114,58,59.00739393,68.00277497,64.01293973
3,1,6,14-May,59.00532789,58.00219639,48,56,58.0047918
4,1,6,14-May,51.00840336,46,62.00970367,44.00296372,49
5,1,6,14-May,35.01066427,46.00930233,37.00209102,40.01226405,31.00167067
All,1,6,14-May,308.0456656,289.0105674,265.021044,286.0200368,287.0245096
1,2,6,14-May,52,54,50.00333261,49,39.0014863
2,2,6,14-May,38,52.00191588,39.00218761,39.00127877,44.00231605
3,2,6,14-May,38.00255453,34,39,28,52
4,2,6,14-May,39,39.00232816,25.00272955,28,45.00229789
5,2,6,14-May,25.00145936,20.00085449,29.00523436,27.00158537,30
All,2,6,14-May,192.0037194,199.0057597,182.0137908,171.0032294,210.0058165
1,1,7,14-May,82.00852159,91.00605775,93.00307177,81.00545416,70.00257959
2,1,7,14-May,56.00948934,70.00244211,78.0034066,60.00479854,70.00820916
3,1,7,14-May,62,56.00219335,63,53,58.00470156
4,1,7,14-May,55,39,46.00261725,53.01053356,53.0104046
5,1,7,14-May,39.00628515,37.00181643,46.0027933,32.00542769,39.0018412
All,1,7,14-May,294.0265611,293.0129605,326.0113559,279.026192,290.0266691
1,2,7,14-May,69.00297979,52.0037727,66,58.00247802,55
2,2,7,14-May,48,46.00149608,40,40.00151732,41.00182625
3,2,7,14-May,45,32,41,43,47
4,2,7,14-May,44,44.00477342,30,34,44.0023119
5,2,7,14-May,24.00275311,22,34.00207923,23.00109661,26.00539397
All,2,7,14-May,230.0064941,196.0091894,211.0019713,198.0055039,213.0097188
1,1,8,14-May,78.00337962,80.00552228,62.00860451,65,60.00424738
2,1,8,14-May,56,71.00258592,58.00673709,47.00550144,65.00509644
3,1,8,14-May,45.00617259,53,49.00176471,61.00238605,52
4,1,8,14-May,43.00660549,49.0039979,47.00287888,44,48.00764545
5,1,8,14-May,38,54.00358272,37,35.00788382,28.00676798
All,1,8,14-May,260.0165418,307.0162329,253.0197985,252.0173062,253.0256506
1,2,8,14-May,41.00143709,52,47.00187312,59,51.00207811
2,2,8,14-May,51.00206186,42,48,38.00235764,48.00954264
3,2,8,14-May,26.00156207,45.00167286,25,37,34.0016206
4,2,8,14-May,26.00201523,32.00225274,34,32,28.0012826
5,2,8,14-May,26.00268908,27.00141875,28.00184722,28.0031384,25.00386723
All,2,8,14-May,170.0114022,198.0055812,182.0034061,194.0054012,186.0136639
1,1,9,14-May,68,65.00441349,69,68.00470801,77.01104066
2,1,9,14-May,58.00668958,40.00347263,56.00209538,51,59.00479391
3,1,9,14-May,53.00267701,42,55.00203063,43.00402555,40.00163328
4,1,9,14-May,42.00399645,48.00734744,38,33.0015456,39.0051432
5,1,9,14-May,30.00586784,44.00773322,26,39.01469962,39.00394395
All,1,9,14-May,251.0210745,239.0218688,244.0042951,234.02271,254.0263647
1,2,9,14-May,43,36.00121698,47.00436152,42,54.00408104
2,2,9,14-May,36,38.00214733,35.00199637,35,40.00234933
3,2,9,14-May,44.00423324,31.00268174,37.00188679,38,33
4,2,9,14-May,33,42.00296378,29.00180085,29.00153711,30
5,2,9,14-May,30.00217193,29.00134294,29,39.00416438,28.00338911
All,2,9,14-May,186.0054332,176.0100566,177.0082992,183.0052117,185.0086377
1,1,10,14-May,60.00400143,56.00377899,79.01033724,73.00188972,64.00546006
2,1,10,14-May,55.00202994,67,66.00499259,58.00192015,53
3,1,10,14-May,29.00234643,41.00146783,43.00200367,47,47
4,1,10,14-May,39.00193207,43.00198689,40.00770652,36.00166113,42.00219717
5,1,10,14-May,34.00378655,36.00738899,39.00325657,37.01470114,33.00191223
All,1,10,14-May,217.0152782,243.0165665,267.0292305,251.022921,239.0097433
1,2,10,14-May,45,49,36.00116487,47,56
2,2,10,14-May,35.00156291,47,48,43.00529147,31
3,2,10,14-May,31.00137386,31.00163443,34,37,32
4,2,10,14-May,28,34.00162058,33,32,26
5,2,10,14-May,20,28.00124491,25,28.00595364,31
All,2,10,14-May,159.0028936,189.0050823,176.0015663,187.0115404,176
1,1,11,14-May,62.00215459,62.0103199,82.00203394,73.00224551,63.00401496
2,1,11,14-May,53.00213183,65,67.00248278,49,67.00245324
3,1,11,14-May,52,46.00395665,44,55,52
4,1,11,14-May,43.00322511,47.00276469,42.00711181,34.00147102,46.00432807
5,1,11,14-May,44.00219218,31.00247321,33.00215938,40.01453224,41.00432347
All,1,11,14-May,254.0090991,251.021654,268.0158063,251.0209945,269.0152568
1,2,11,14-May,50,51.00143934,46,39,46.00191967
2,2,11,14-May,41,46,42.00145998,45,40.00132615
3,2,11,14-May,42.00230333,49.00192855,37,31,34
4,2,11,14-May,24,27,33.00188285,31,32.00118624
5,2,11,14-May,22.00091158,23.00686965,23.00166372,18.0020245,30.00710747
All,2,11,14-May,179.003311,196.012318,181.0048398,164.002882,182.0125959
1,1,12,14-May,68.00221029,66.00985213,94.00324437,69.00424889,75.00261568
2,1,12,14-May,57.00444803,60.00236641,64.01121125,39.00181105,75
3,1,12,14-May,53.00435987,65,54,52,51
4,1,12,14-May,38,35.00721896,46.00188172,41.0020689,46.00255638
5,1,12,14-May,33.00369287,25.0026715,47.0069519,34.00661797,48.01272985
All,1,12,14-May,249.0146524,251.0238001,305.0232579,235.0147212,295.0157654
1,2,12,14-May,50.00323472,67.00482643,57.00211584,62,45
2,2,12,14-May,38.00414522,43,39.00243717,37,51.00233205
3,2,12,14-May,40.0015887,38,36.00127925,42,28.00096463
4,2,12,14-May,34,28.00257217,29,41.00204442,35
5,2,12,14-May,26.00178971,27,30,37.00364648,39.00376977
All,2,12,14-May,188.011467,203.0082765,191.0059919,219.0054046,198.006337
1,1,1,15-24,450,424.0265708,455.0661903,431,431
2,1,1,15-24,394.026166,387.013742,445.0152672,426.0558776,352
3,1,1,15-24,395.0141789,403,420.0170591,396,348.0127345
4,1,1,15-24,317.0612451,306,352.0161879,328.0524258,294.0129778
5,1,1,15-24,285.0296869,276,282.0126781,314,258.0375621
All,1,1,15-24,1841.126097,1796.043259,1954.132714,1895.105109,1683.063897
1,2,1,15-24,183.0050111,155,209,201,152.0051801
2,2,1,15-24,144,154,174,172.0061333,167
3,2,1,15-24,148.0060478,153,162,124,140.0111075
4,2,1,15-24,117.0098543,118,147,116,105
5,2,1,15-24,104.0038877,95,105,121,77.00401757
All,2,1,15-24,696.0259814,675,797,734.0051507,641.0203584
1,1,2,15-24,387.0388525,425.0293065,412,393,375
2,1,2,15-24,318.0126722,400.0320092,371,351.0268424,336
3,1,2,15-24,316.0135897,374.0160742,362.0139806,364.0141315,320
4,1,2,15-24,258.0407706,323.0325061,286.0140291,273.013392,257.0362375
5,1,2,15-24,211.0120849,281,244,245,228.060946
All,1,2,15-24,1490.118474,1803.108318,1675.028362,1626.05419,1516.101262
1,2,2,15-24,159.0054634,148,148.0047963,164,169
2,2,2,15-24,115,145,121,147,125
3,2,2,15-24,104.0046164,140,152,119.0051046,122
4,2,2,15-24,105.0048844,107,119.0116788,94.00454142,88
5,2,2,15-24,100,92,78,105,87
All,2,2,15-24,583.0153629,632,618.0160246,629.010755,591
1,1,3,15-24,418.0372227,477,454.0276858,425,439.0236714
2,1,3,15-24,376,406.0319876,426.0460914,404.0415824,354.0120578
3,1,3,15-24,370.0157587,462.0167381,427.0164461,381.0141557,394.0139855
4,1,3,15-24,318.0313418,372.0369582,337.0311723,327.0497192,323.0294643
5,1,3,15-24,264,287.0434584,299.0618525,264.067203,251.0229801
All,1,3,15-24,1746.086124,2004.129443,1943.183358,1801.169934,1761.107655
1,2,3,15-24,163,205.006187,183,156.0050509,173.0122316
2,2,3,15-24,165.0109343,141,164.0126348,151.0119111,131
3,2,3,15-24,139,167.0079225,190,128,133
4,2,3,15-24,128.0120685,118,123.005895,131.0072072,110
5,2,3,15-24,92.01033038,126,81,109,80.00370473
All,2,3,15-24,687.0340487,757.0125728,741.0178474,675.0222021,627.0151626
1,1,4,15-24,441.0143045,465.0282053,442,450,395.0134432
2,1,4,15-24,407,389.0139413,420.0497874,377.0304024,343.0139028
3,1,4,15-24,373,413.0350941,431.0355892,333.0293667,343
4,1,4,15-24,311.0321783,350.0353989,321,305.0163999,325.0483871
5,1,4,15-24,266.0165236,302.0511304,311.0500713,262.0591233,246.0285601
All,1,4,15-24,1798.063543,1919.166035,1925.130523,1727.130258,1652.095714
1,2,4,15-24,186,178,180.0063606,163.0053948,169
2,2,4,15-24,141.0137044,137.005666,140,155,146.0110813
3,2,4,15-24,131.0062165,145,146.0065061,149.0118674,138
4,2,4,15-24,114,105.0052496,134.014014,119.0052146,117.0059362
5,2,4,15-24,97,98.00463714,106,93,111
All,2,4,15-24,669.0180434,663.0178226,706.0248087,679.023861,681.0178543
1,1,5,15-24,484,546.0377041,509,505.0164998,490.031179
2,1,5,15-24,442.0192623,475.0985489,464.0199134,401.0315137,432
3,1,5,15-24,420.0547295,401.0501594,459,403.0511144,419
4,1,5,15-24,336.0155549,336.0379235,381.0556726,367,324.0792409
5,1,5,15-24,283.0162957,307.0369185,306.0350061,305.0509641,254.0565816
All,1,5,15-24,1965.103567,2065.252201,2119.107854,1981.150217,1919.171839
1,2,5,15-24,192,199,189.0070691,170,183
2,2,5,15-24,154,159,177,155,154
3,2,5,15-24,135,160.0074939,176,170,128
4,2,5,15-24,108,113.0064387,136.0064742,115,129.0064388
5,2,5,15-24,104,99.00482383,101.0118491,104.0056221,89
All,2,5,15-24,693,730.0199308,779.0278767,714.0064865,683.0059892
1,1,6,15-24,490.0183248,539,496.0367681,487.0182353,452.0315365
2,1,6,15-24,421.0604275,440,450.0553976,421.0161453,435.088117
3,1,6,15-24,403.0361572,440.01931,444,400,391.0356907
4,1,6,15-24,334.0743034,349,397.0591611,308.0146142,334
5,1,6,15-24,283.0981745,298.0501661,289.0152522,298.0975792,245.0133654
All,1,6,15-24,1931.286299,2066.075544,2076.164858,1914.134092,1857.158586
1,2,6,15-24,177,165,183.0140549,191,201.0070776
2,2,6,15-24,143,156.0063863,163.0084004,139.0063939,168.0077499
3,2,6,15-24,144.0069758,134,136,137,130
4,2,6,15-24,130,117.0058758,114.012407,133,116.0059536
5,2,6,15-24,108.0062865,112.0061035,113.0191263,108.0059756,106
All,2,6,15-24,702.0135991,684.0197972,709.0537233,708.0133707,721.0199701
1,1,7,15-24,536.0554806,526.0371542,487.0173834,526.0356618,528.0178535
2,1,7,15-24,473.0802554,465.0186105,450.0206829,424.0339342,423.0529502
3,1,7,15-24,404,473.0196558,480,390,402.0325301
4,1,7,15-24,347,412,372.0195771,335.0667191,344.0675469
5,1,7,15-24,335.0595435,316.0194465,294.0166523,316.0532846,276.0144994
All,1,7,15-24,2095.189271,2192.09696,2083.072559,1991.186912,1973.181442
1,2,7,15-24,150.0063622,163.0130472,191,175.0075939,180
2,2,7,15-24,152,170.0075684,131,155.0072296,132.0056527
3,2,7,15-24,148,135,146,167,133
4,2,7,15-24,117,117.0126822,114,116,128.007356
5,2,7,15-24,117.0134984,93,93.00536222,110.0060314,99.01808567
All,2,7,15-24,684.0193129,678.0317877,675.0063064,723.0200975,672.0306622
1,1,8,15-24,551.0176328,489.0337385,533.0740445,459,497.0319197
2,1,8,15-24,436,514.0206874,445.0531481,416.0487162,403.0315913
3,1,8,15-24,449.0606317,442,434.0153782,411.0178542,389
4,1,8,15-24,355.0573879,361.0378748,353.0194324,322,312.0468238
5,1,8,15-24,283,354.0208641,308,264.0580913,287.0819285
All,1,8,15-24,2074.131953,2160.114212,2073.162222,1872.12856,1888.191416
1,2,8,15-24,192.0066106,204,193.0077368,170,162.0055177
2,2,8,15-24,134.0058107,167,138,135.0057127,184.0273384
3,2,8,15-24,133.0054213,135.0065985,122,134,124.0063924
4,2,8,15-24,127.0165696,138.0080455,119,105,114.0063061
5,2,8,15-24,116.0132213,104.0067663,90.00478105,99.01121407,98.01224621
All,2,8,15-24,702.0470843,748.0210845,662.0123892,643.0179021,682.050101
1,1,9,15-24,432,497.0357217,428,461.032028,467.0643023
2,1,9,15-24,408.0529896,434.0375948,428.0156735,404,419.033986
3,1,9,15-24,340.0144928,384,402.0178526,414.0350048,399.015989
4,1,9,15-24,328.0381883,318.051572,356,332.0187532,303.0459863
5,1,9,15-24,287.0523102,302.0547291,311,258.0906351,276.0332122
All,1,9,15-24,1795.150712,1935.177055,1925.033885,1869.181389,1864.19348
1,2,9,15-24,177,172.0060849,188.0145384,178,162.0107856
2,2,9,15-24,159,158.006442,153.0068058,170,128.0046987
3,2,9,15-24,145.0138202,152.0134087,123.0054717,124,139
4,2,9,15-24,111,133.0070252,115.0050847,108.0057093,122
5,2,9,15-24,89.00640146,122.0059822,93,88.01052055,97.01165007
All,2,9,15-24,681.0198925,737.0421119,672.0315088,668.0190241,648.0302552
1,1,10,15-24,476.034298,515.034501,468.061246,473.0157252,436.0384226
2,1,10,15-24,430.0171699,454,439.0368203,428.0141611,428
3,1,10,15-24,398.0360345,434.0174509,413.0167808,402,399
4,1,10,15-24,336.0162701,339.0149016,373.0754178,312.0158296,332.0168131
5,1,10,15-24,303.034205,307.0607718,275.0262852,289.129597,283.0148198
All,1,10,15-24,1943.1368,2049.139691,1968.215451,1904.173871,1878.07656
1,2,10,15-24,183,187,194.0071445,163,176
2,2,10,15-24,156.0074672,147,145,140.0184575,158
3,2,10,15-24,138.0071269,137.0064469,135,167,155
4,2,10,15-24,120,140.00709,134,105,118
5,2,10,15-24,98,109.0057718,104,107.0217514,101
All,2,10,15-24,695.012648,720.0193613,712.0063365,682.0420884,708
1,1,11,15-24,436.0144088,492.0810003,463.014619,430.0133483,484.0308721
2,1,11,15-24,367.0150081,438,390.014256,413,419.0160994
3,1,11,15-24,370,423.0344056,371,368,376
4,1,11,15-24,329.0167706,362.0171001,371.0687475,282.0136315,321.0301899
5,1,11,15-24,291.0147363,304.0309151,280.0152185,226.1057624,254.0269235
All,1,11,15-24,1793.064231,2019.174181,1875.110585,1719.143783,1854.105153
1,2,11,15-24,148,189.0063742,182,148,180.0064973
2,2,11,15-24,157,165,150.0060976,146,139.0046415
3,2,11,15-24,145.0073529,159.0071632,135,120,141
4,2,11,15-24,117,147,120.0063808,130,123.0055358
5,2,11,15-24,95.00524157,100.0272084,94.00519913,99.01214698,90.02335883
All,2,11,15-24,662.0122453,760.0477636,681.0182095,643.0112997,673.0465772
1,1,12,15-24,460.0152826,488.0762222,467.0145078,400.02463,432.0133275
2,1,12,15-24,418.0326952,433.0150382,423.0757747,385.0140356,458
3,1,12,15-24,423.034757,406,371,384,436
4,1,12,15-24,301,337.0623565,336.0158602,288.0118737,310.0141514
5,1,12,15-24,273.0298138,341.0389276,290.0435234,252.050131,267.0656192
All,1,12,15-24,1875.110334,2005.190116,1887.143894,1709.107058,1903.1017
1,2,12,15-24,168.009165,183.0163356,223.007141,153,185
2,2,12,15-24,151.0190172,171,156.0115765,134,169.0066953
3,2,12,15-24,136.0060018,164,159.0053428,146,139.0049035
4,2,12,15-24,138,127.0116797,128,114.0046464,108
5,2,12,15-24,101.0052573,133,104,101.0103637,95.00917905
All,2,12,15-24,694.0423303,778.0317199,770.0241559,648.0159918,696.0222754
1,1,1,25-34,703,733.0458516,845.1330616,785,728
2,1,1,25-34,608.0439057,625.0236239,706.0238996,745.0943941,691
3,1,1,25-34,571.0210346,674,778.0295983,745,670.025243
4,1,1,25-34,503.0902173,543,681.0321089,641.1090701,603.0289778
5,1,1,25-34,439.04552,453,516.0228993,539,471.069706
All,1,1,25-34,2824.193426,3028.072934,3526.239482,3455.191637,3163.120086
1,2,1,25-34,358.0127498,370,411,408,368.0113352
2,2,1,25-34,306,260,316,363.0127436,314
3,2,1,25-34,290.011153,301,315,333,298.0236156
4,2,1,25-34,220.0185876,233,286,304,240
5,2,1,25-34,175.0086393,166,212,266,210.0108381
All,2,1,25-34,1349.050358,1330,1540,1674.011747,1430.045417
1,1,2,25-34,620.0630293,726.0454045,737,704,712
2,1,2,25-34,531.0206668,663.0512147,653,642.0468551,638
3,1,2,25-34,494.0210256,658.0262656,683.0283043,639.0252461,673
4,1,2,25-34,484.0744366,557.0560876,612.0306823,559.0280832,586.0845713
5,1,2,25-34,399.0211193,482,468,440,432.1183219
All,1,2,25-34,2528.201009,3086.185396,3153.053388,2984.099448,3041.203126
1,2,2,25-34,311.0093277,335,350.0124836,339,378
2,2,2,25-34,260,274,334,315,256
3,2,2,25-34,252.0104919,302,284,323.0136975,279
4,2,2,25-34,218.0120614,237,237.0232595,257.013723,219
5,2,2,25-34,166,199,175,214,199
All,2,2,25-34,1207.031806,1347,1380.035783,1448.024759,1331
1,1,3,25-34,749.0727951,789,845.0515266,809,870.0563057
2,1,3,25-34,666,660.0495342,707.0790837,726.0822657,726.0242599
3,1,3,25-34,625.0236781,744.0274472,714.0267836,760.0301781,700.026491
4,1,3,25-34,548.0542605,589.0576625,608.0562396,621.0950189,662.0621429
5,1,3,25-34,427,500.0760337,486.1009136,516.1294969,526.0527622
All,1,3,25-34,3015.14872,3282.211992,3360.317078,3432.323827,3484.212986
1,2,3,25-34,370,378.0118,411,388.0135875,350.0226562
2,2,3,25-34,272.0192574,325,328.0252251,295.0232707,350
3,2,3,25-34,268,291.0113636,314,329,308
4,2,3,25-34,219.0206266,209,266.0141293,268.0124229,263
5,2,3,25-34,177.0191015,216,214,186,195.0099102
All,2,3,25-34,1306.064727,1419.023568,1533.036923,1466.04822,1466.035452
1,1,4,25-34,717.0259843,736.0498422,784,787,790.0241167
2,1,4,25-34,636,671.0263244,770.0907323,733.0536043,716.0283463
3,1,4,25-34,576,691.0586898,714.0589414,710.0580879,716
4,1,4,25-34,514.0532211,588.0594687,618,599.0289699,615.0953079
5,1,4,25-34,438.0251073,505.0873451,493.0822406,470.1051988,494.0529552
All,1,4,25-34,2881.101817,3191.276091,3379.22911,3299.248825,3331.192993
1,2,4,25-34,320,336,349.0130278,372.0128127,333
2,2,4,25-34,272.0218935,301.0141213,320,320,317.0266958
3,2,4,25-34,276.0129439,280,292.0125725,293.0239092,321
4,2,4,25-34,222,249.013896,273.029029,237.0115323,241.0131804
5,2,4,25-34,160,192.009738,194,208,196
All,2,4,25-34,1250.033713,1358.036505,1428.05018,1430.050252,1408.036915
1,1,5,25-34,779,811.0559254,846,838.0274576,842.0533004
2,1,5,25-34,675.027623,738.1505908,807.0318772,742.0584259,794
3,1,5,25-34,621.0803767,677.085405,774,780.0984683,697
4,1,5,25-34,578.0324669,652.0692156,639.0958119,627,639.1539758
5,1,5,25-34,417.0244968,497.0597525,544.0605018,540.0897449,509.1091949
All,1,5,25-34,3070.161807,3375.412192,3610.183743,3527.267449,3481.311709
1,2,5,25-34,389,358,397.0149699,414,369
2,2,5,25-34,301,318,338,313,313
3,2,5,25-34,279,316.0139421,322,311,344
4,2,5,25-34,223,258.0129829,253.0127428,300,265.0129767
5,2,5,25-34,182,196.0113255,203.0218273,197.0106078,203
All,2,5,25-34,1374,1446.039479,1513.054143,1535.013945,1494.013101
1,1,6,25-34,752.0290081,837,851.0608806,833.0285017,827.0529314
2,1,6,25-34,597.0730935,679,786.0962527,795.031702,736.1485176
3,1,6,25-34,654.0587186,712.0318477,758,734,747.0626239
4,1,6,25-34,569.1335692,628,739.1214524,648.0317833,663
5,1,6,25-34,450.1692065,488.0893688,530.0287823,533.1557001,522.0311162
All,1,6,25-34,3022.448056,3344.122275,3664.290963,3543.248218,3495.29847
1,2,6,25-34,317,379,413.0288343,354,404.0153585
2,2,6,25-34,268,294.0137761,333.0144382,291.0119657,304.0147871
3,2,6,25-34,245.0116919,291,320,310,339
4,2,6,25-34,235,235.0155211,288.0313936,279,264.0148318
5,2,6,25-34,164.0107768,211.0097656,229.0403325,212.0123171,201
All,2,6,25-34,1229.023808,1410.04081,1583.119949,1446.027308,1512.041879
1,1,7,25-34,809.0827973,828.0560005,847.0281346,896.0602755,871.0268142
2,1,7,25-34,696.1181874,804.0331789,781.0342282,762.0610121,763.0935194
3,1,7,25-34,680,773.0325628,825,758,806.06522
4,1,7,25-34,549,639,730.0380025,689.1371881,729.1431011
5,1,7,25-34,433.0774065,555.0335506,562.0338419,552.0902724,528.0264672
All,1,7,25-34,3167.28612,3599.159197,3745.130454,3657.343313,3697.339985
1,2,7,25-34,353.014013,379.0290812,375,369.0136691,357
2,2,7,25-34,294,346.0163689,327,310.0139236,339.0149578
3,2,7,25-34,281,306,336,332,341
4,2,7,25-34,220,299.0324282,275,263,286.0160782
5,2,7,25-34,186.0218093,221,220.0143357,249.0160105,209.0333157
All,2,7,25-34,1334.037666,1551.072718,1533.014323,1523.042335,1532.069903
1,1,8,25-34,760.0269635,834.0574994,931.1232516,893,881.0601068
2,1,8,25-34,708,780.0316149,757.0868336,751.0882707,843.0660962
3,1,8,25-34,633.0842127,795,793.0321008,748.0297844,724
4,1,8,25-34,567.0901991,675.0732246,684.0378367,643,668.0989851
5,1,8,25-34,451,508.030137,546,498.1112033,535.1444182
All,1,8,25-34,3119.198439,3592.189931,3711.290403,3533.24263,3651.370159
1,2,8,25-34,337.011353,373,364.0160437,368,391.0141885
2,2,8,25-34,324.0142455,335,310,341.0148712,333.0443604
3,2,8,25-34,248.0103832,314.0138476,332,355,329.0155758
4,2,8,25-34,261.031348,247.0145891,303,265,277.0149637
5,2,8,25-34,192.0262185,216.0123322,217.0141258,215.0240857,219.0259963
All,2,8,25-34,1362.091352,1485.041859,1526.028559,1544.042987,1549.113792
1,1,9,25-34,759,809.057927,878,888.0614911,834.108381
2,1,9,25-34,652.0837806,734.063531,773.0287486,767,754.0612339
3,1,9,25-34,614.0259393,659,730.0321516,690.0605583,738.0300868
4,1,9,25-34,585.0597247,609.0967441,694,635.0345183,629.0974183
5,1,9,25-34,428.0798891,489.0875952,534,516.1837847,526.0550078
All,1,9,25-34,3038.255077,3300.301954,3609.063529,3496.339292,3481.361321
1,2,9,25-34,355,386.0138163,351.0269768,374,360.027547
2,2,9,25-34,311,301.0119503,338.0140653,330,282.0123791
3,2,9,25-34,248.0237001,282.0287329,309.0148113,290,306
4,2,9,25-34,231,254.012843,248.0136653,260.0130654,247
5,2,9,25-34,196.0133745,215.0113539,214,207.0280548,225.0273247
All,2,9,25-34,1341.039172,1438.082167,1460.068457,1461.041608,1420.0663
1,1,10,25-34,737.0485888,798.0533603,848.1110356,800.0232841,839.0808898
2,1,10,25-34,668.0262201,817,759.0656838,756.0295224,756
3,1,10,25-34,627.0549736,815.0339232,728.0280514,734,757
4,1,10,25-34,604.0288794,676.0338764,658.1282579,648.0297049,637.0288498
5,1,10,25-34,488.0549844,501.1038977,500.0525704,448.1950115,518.0285878
All,1,10,25-34,3124.21995,3607.245907,3493.382404,3386.309206,3507.142969
1,2,10,25-34,358,403,360.0144444,374,396
2,2,10,25-34,282.011635,331,333,350.0447892,335
3,2,10,25-34,300.0133093,316.0135295,323,339,320
4,2,10,25-34,255,255.0120531,241,252,282
5,2,10,25-34,182,216.011091,201,211.0457978,195
All,2,10,25-34,1377.025059,1521.040901,1458.012976,1526.094174,1528
1,1,11,25-34,696.0269997,768.1266118,883.0301913,771.024763,820.0521996
2,1,11,25-34,636.02652,740,741.0297133,683,752.0269856
3,1,11,25-34,603,730.0600378,727,697,738
4,1,11,25-34,583.0311761,627.0301044,630.1252469,608.0292243,607.057091
5,1,11,25-34,444.0239922,520.0626546,480.027455,457.2244424,474.0532573
All,1,11,25-34,2962.106109,3385.292027,3461.204125,3216.268998,3391.192327
1,2,11,25-34,326,315.0104181,392,361,373.0130685
2,2,11,25-34,304,325,325.011594,349,365.0147534
3,2,11,25-34,268.0124911,321.0158876,333,292,334
4,2,11,25-34,234,240,264.0134937,256,270.0126532
5,2,11,25-34,166.0099134,215.0597575,217.0136217,184.0212572,210.0596434
All,2,11,25-34,1298.02401,1416.088991,1531.040938,1442.025341,1552.107411
1,1,12,25-34,764.0247553,799.1232729,833.0259549,804.0495145,882.0262814
2,1,12,25-34,678.0530079,706.0261069,745.1324199,729.0252037,758
3,1,12,25-34,642.0527704,730,732,682,743
4,1,12,25-34,540,658.1190889,595.0277778,618.0270756,642.0294896
5,1,12,25-34,407.0444012,575.0608721,533.0780199,503.1026776,604.149868
All,1,12,25-34,3031.178359,3468.32884,3438.262167,3336.208978,3629.193941
1,2,12,25-34,348.0247995,389.0391684,437.0138852,391,361
2,2,12,25-34,298.0365789,323,334.0255903,346,367.0142932
3,2,12,25-34,289.0126214,359,327.0121153,333,350.0128617
4,2,12,25-34,203,303.0278761,275,258.0123594,278
5,2,12,25-34,171.0083893,264,208,157.0163132,249.0239275
All,2,12,25-34,1309.079842,1638.066783,1581.049598,1485.036648,1605.051368
1,1,1,35-44,1056,1110.069626,1171.172626,1139,1154
2,1,1,35-44,837.0607584,860.0326565,1007.033887,967.124173,897
3,1,1,35-44,785.0313182,824,940.0344828,916,932.0345867
4,1,1,35-44,665.1221234,676,787.0340656,772.1274211,790.0352889
5,1,1,35-44,536.0518172,580,620.0276167,612,618.0908583
All,1,1,35-44,3879.265687,4050.09755,4525.307333,4406.244386,4391.166708
1,2,1,35-44,682.0218839,672,732,709,715.0230361
2,2,1,35-44,500,530,557,571.0178547,578
3,2,1,35-44,467.0182218,446,496,563,532.0421761
4,2,1,35-44,407.0344067,435,391,446,437
5,2,1,35-44,310.0156371,314,345,360,328.0155097
All,2,1,35-44,2366.088322,2397,2521,2649.018589,2590.082259
1,1,2,35-44,944.0956149,1016.068382,991,1020,1011
2,1,2,35-44,765.0317231,789.0608995,845,811.0584498,803
3,1,2,35-44,704.0323932,786.0344685,779.0304486,835.0316767,790
4,1,2,35-44,615.0949181,644.0647265,667.0340129,674.0341795,734.107323
5,1,2,35-44,479.0255778,504,526,585,605.1634522
All,1,2,35-44,3507.278852,3739.224626,3808.064478,3925.130808,3943.263376
1,2,2,35-44,600.0203211,665,582.0197109,666,589
2,2,2,35-44,464,515,498,520,543
3,2,2,35-44,414.0181299,454,479,459.0205037,452
4,2,2,35-44,349.0166467,411,384.0376856,363.0172771,370
5,2,2,35-44,279,310,306,311,277
All,2,2,35-44,2106.055496,2355,2249.058316,2319.039652,2231
1,1,3,35-44,1027.093332,1076,1112.067846,1116,1190.065843
2,1,3,35-44,874,886.0618012,975.1063573,924.1011463,946.0313357
3,1,3,35-44,741.0302376,876.0343487,872.0329705,867.0336004,908.0343348
4,1,3,35-44,710.0687561,712.0708204,735.0679808,739.0988859,855.0792857
5,1,3,35-44,561,608.094093,612.1253846,636.1606713,614.0632411
All,1,3,35-44,3913.193015,4158.268574,4306.406351,4282.404029,4513.275892
1,2,3,35-44,712,673.0217502,665,660.0208437,662.0464244
2,2,3,35-44,490.0394941,536,543.0418155,560.0441678,569
3,2,3,35-44,454,517.0220871,512,490,561
4,2,3,35-44,366.0344746,380,415.0197436,411.0203888,427
5,2,3,35-44,354.0350843,328,356,342,327.0175049
All,2,3,35-44,2376.117758,2434.040426,2491.059997,2463.081013,2546.061569
1,1,4,35-44,975.0317585,1053.063237,1075,1028,1082.037628
2,1,4,35-44,754,867.032475,909.1094812,860.0665653,946.03831
3,1,4,35-44,725,810.0687876,869.0717001,852.0688987,896
4,1,4,35-44,618.0638618,722.0730221,758,784.0420308,787.1093842
5,1,4,35-44,520.0293991,551.093725,569.0938899,558.1243629,624.0692186
All,1,4,35-44,3592.126944,4003.346346,4180.283421,4082.307882,4335.251163
1,2,4,35-44,601,637,613.0236033,652.022928,650
2,2,4,35-44,470.0396089,511.021182,525,520,534.0439893
3,2,4,35-44,463.0196713,465,518.0236504,480.0422339,519
4,2,4,35-44,365,406.0218219,429.0438438,403.0217609,412.0210283
5,2,4,35-44,316,327.0170415,305,293,325
All,2,4,35-44,2215.05974,2346.063065,2390.083984,2348.082512,2440.063971
1,1,5,35-44,1021,1072.074147,1127,1106.035582,1229.077975
2,1,5,35-44,837.0357377,892.1836161,912.0358127,884.0696024,931
3,1,5,35-44,798.1009272,862.1098297,826,872.1073298,887
4,1,5,35-44,665.033302,658.0698373,753.111962,778,822.1965338
5,1,5,35-44,514.0306742,559.0623133,625.0720356,605.1008019,635.1375594
All,1,5,35-44,3835.202128,4043.493776,4243.215962,4245.321894,4504.403315
1,2,5,35-44,648,627,616.0221083,650,617
2,2,5,35-44,480,507,532,532,513
3,2,5,35-44,483,473.021436,508,475,530
4,2,5,35-44,413,400.0227992,405.0220943,376,423.0230807
5,2,5,35-44,301,304.017932,312.0345078,324.0184576,333
All,2,5,35-44,2325,2311.063096,2373.084918,2357.021413,2416.021186
1,1,6,35-44,1043.037095,1045,1088.075934,1130.039917,1121.075577
2,1,6,35-44,816.1029114,901,866.1071493,972.0389337,959.1901735
3,1,6,35-44,744.066825,771.0335865,858,861,954.0812954
4,1,6,35-44,683.1468377,703,711.1045492,805.0423097,789
5,1,6,35-44,504.1822722,601.1142857,582.0321033,685.201557,624.0362326
All,1,6,35-44,3790.561924,4021.14703,4105.325983,4453.311971,4447.379771
1,2,6,35-44,613,616,640.0483953,626,665.02279
2,2,6,35-44,466,503.0228081,515.0240637,529.0229266,490.0216462
3,2,6,35-44,474.022303,469,475,506,448
4,2,6,35-44,345,392.0251663,390.0425054,411,385.02183
5,2,6,35-44,285.0176246,295.0153809,280.0484117,317.0168293,346
All,2,6,35-44,2183.042289,2275.065846,2300.174279,2389.045117,2334.064647
1,1,7,35-44,1093.112846,1121.075789,1172.039863,1126.078176,1219.041681
2,1,7,35-44,876.148785,930.0364632,942.0398248,967.0773825,970.1167307
3,1,7,35-44,805,877.0399021,864,906,956.0773597
4,1,7,35-44,702,777,770.0373744,814.1619936,824.161713
5,1,7,35-44,542.0999008,579.0370766,613.0388913,628.1056634,658.032336
All,1,7,35-44,4018.363002,4284.189497,4361.151912,4441.416913,4627.42551
1,2,7,35-44,639.0279456,674.0547041,670,657.0250999,663
2,2,7,35-44,501,558.0264895,517,546.0237415,570.0239151
3,2,7,35-44,466,516,515,507,448
4,2,7,35-44,389,380.0411932,448,421,406.0216478
5,2,7,35-44,307.0354661,343,326.0207923,351.0222612,329.0574299
All,2,7,35-44,2302.064998,2471.115852,2476.023133,2482.068993,2416.110238
1,1,8,35-44,1050.037249,1075.074039,1102.151027,1134,1183.077611
2,1,8,35-44,850,885.0362029,949.1075439,900.104671,945.0740856
3,1,8,35-44,900.1205259,904,896.0378992,964.0409742,970
4,1,8,35-44,656.1080434,765.0826933,789.0422579,767,809.1206187
5,1,8,35-44,552,597.0366702,622,702.1556017,638.1815377
All,1,8,35-44,4008.254999,4226.223454,4358.341034,4467.306773,4545.460798
1,2,8,35-44,624.0211252,668,668.027038,665,695.0238624
2,2,8,35-44,522.023149,483,499,498.0215814,574.0732462
3,2,8,35-44,468.0204907,522.0238848,514,482,523.0235887
4,2,8,35-44,397.0427676,398.0229564,392,447,421.0229799
5,2,8,35-44,309.0392157,325.0199716,301.0202108,316.0354922,385.0479106
All,2,8,35-44,2320.155606,2396.067538,2374.044429,2408.067042,2598.190854
1,1,9,35-44,1031,1116.080546,1094,1169.081103,1158.160839
2,1,9,35-44,813.1026369,841.072821,874.036292,924,942.0764958
3,1,9,35-44,774.033878,808,844.0358744,822.0696596,928.0398865
4,1,9,35-44,698.0792629,725.1164305,707,747.0387429,851.1261597
5,1,9,35-44,507.0928795,544.098346,633,596.2117457,621.0726518
All,1,9,35-44,3823.320988,4034.369116,4152.073087,4258.413245,4500.467092
1,2,9,35-44,607,610.0219772,665.0544383,638,646.0454744
2,2,9,35-44,473,505.0232471,505.0202359,539,500.022409
3,2,9,35-44,461.0441979,521.0444402,470.0209434,473,475
4,2,9,35-44,388,359.0206367,438.021928,439.0243742,441
5,2,9,35-44,316.0189758,310.0153827,335,309.0363836,325.0379157
All,2,9,35-44,2245.065578,2305.131707,2413.113141,2398.068293,2387.111449
1,1,10,35-44,1041.077742,1118.074868,1099.143695,1104.037255,1102.113448
2,1,10,35-44,830.0315487,905,949.0826898,914.0348828,940
3,1,10,35-44,773.0655326,868.0348202,882.0328936,891,916
4,1,10,35-44,664.0337604,728.0377508,755.1543095,775.0379128,826.039358
5,1,10,35-44,528.059776,623.1309896,587.0583857,593.2565327,635.0329859
All,1,10,35-44,3836.270079,4242.289199,4272.467687,4277.390571,4419.180148
1,2,10,35-44,681,652,670.0266366,674,677
2,2,10,35-44,484.0200573,525,502,516.0669034,572
3,2,10,35-44,467.0195775,516.0222464,481,452,535
4,2,10,35-44,437,406.019447,401,428,425
5,2,10,35-44,323,328.0161838,319,334.0723473,356
All,2,10,35-44,2392.043531,2427.065264,2373.021119,2404.148358,2565
1,1,11,35-44,971.0327229,1033.173293,1061.033751,1046.03362,1150.073172
2,1,11,35-44,792.0319775,909,927.0354797,925,997.0378718
3,1,11,35-44,752,828.0693274,851,896,907
4,1,11,35-44,577.0316061,726.0360434,761.1572501,712.0351084,782.0735471
5,1,11,35-44,499.0261844,585.0682193,559.0322879,575.2543143,665.0717304
All,1,11,35-44,3591.128642,4081.352071,4159.245292,4154.347455,4501.255283
1,2,11,35-44,643,635.0226868,656,621,642.023479
2,2,11,35-44,469,521,552.0230161,533,531.0231247
3,2,11,35-44,447.0201984,471.0219488,490,476,494
4,2,11,35-44,390,417,391.0201883,433,425.02155
5,2,11,35-44,308.0139015,302.0860556,300.0158053,334.0352262,298.0810351
All,2,11,35-44,2257.041749,2346.147439,2389.06388,2397.042124,2390.165408
1,1,12,35-44,999.031323,1162.177738,1114.032505,1167.071998,1163.035374
2,1,12,35-44,883.0690192,891.0321374,954.1698383,940.0328252,1081
3,1,12,35-44,783.0643803,911,895,870,930
4,1,12,35-44,691,762.1368816,725.0358423,782.0346316,839.0369762
5,1,12,35-44,522.0570608,608.0627803,635.0953956,627.1241134,698.1685946
All,1,12,35-44,3878.2282,4334.410955,4323.329653,4386.274754,4711.251765
1,2,12,35-44,661.0440731,699.0671988,665.0216213,629,706
2,2,12,35-44,473.0583375,547,624.048591,539,543.0224178
3,2,12,35-44,475.0196823,488,554.0212206,511,544.0209003
4,2,12,35-44,394,427.0392772,469,383.0178422,457
5,2,12,35-44,328.0174497,353,343,328.0370406,387.0374559
All,2,12,35-44,2331.142179,2514.102498,2655.083291,2390.058982,2637.084397
1,1,1,45-54,2614,2528.158339,2460.359849,2648,2332
2,1,1,45-54,2052.147387,1974.074577,2035.068845,2088.268051,1886
3,1,1,45-54,1960.073855,1775,1841.067143,1830,1747.066084
4,1,1,45-54,1670.305492,1516,1586.070355,1638.266366,1587.069067
5,1,1,45-54,1369.13638,1272,1309.057789,1330,1249.183617
All,1,1,45-54,9665.661991,9065.218344,9231.626959,9534.528818,8801.334138
1,2,1,45-54,1763.055883,1665,1662,1772,1497.045341
2,2,1,45-54,1371,1288,1302,1267.040957,1270
3,2,1,45-54,1234.049089,1171,1189,1252,1082.085703
4,2,1,45-54,1082.091205,948,1027,1013,934
5,2,1,45-54,868.0431965,825,853,850,756.038961
All,2,1,45-54,6318.235848,5897,6033,6154.043185,5539.175921
1,1,2,45-54,2271.229554,2278.160567,2338,2263,2097
2,1,2,45-54,1724.072801,1934.158897,1786,1729.127382,1733
3,1,2,45-54,1668.073248,1785.0754,1600.066129,1602.063353,1645
4,1,2,45-54,1461.223689,1432.143962,1387.063585,1345.06666,1355.192588
5,1,2,45-54,1184.064062,1206,1171,1113,1151.311517
All,1,2,45-54,8308.660594,8635.518761,8282.140234,8052.268349,7981.533097
1,2,2,45-54,1550.051502,1585,1523.051971,1531,1393
2,2,2,45-54,1154,1210,1141,1135,1050
3,2,2,45-54,1101.047087,1158,1100,1012.043304,959
4,2,2,45-54,974.0481459,942,883.0866575,858.0426498,844
5,2,2,45-54,768,784,770,725,700
All,2,2,45-54,5547.146171,5679,5417.140462,5261.089955,4946
1,1,3,45-54,2455.233604,2567,2467.150559,2476,2284.132031
2,1,3,45-54,2004,1983.154503,1957.218454,1874.200944,1936.067653
3,1,3,45-54,1822.078154,1915.077979,1832.07017,1742.06479,1676.06349
4,1,3,45-54,1541.14476,1574.145124,1511.13973,1531.207439,1485.129286
5,1,3,45-54,1301,1400.215934,1238.255751,1238.311066,1282.134571
All,1,3,45-54,9123.450007,9439.609686,9005.849789,8861.836081,8663.529592
1,2,3,45-54,1726,1740.053578,1666,1501.051149,1443.098825
2,2,3,45-54,1244.094166,1367,1333.102377,1191.093926,1220
3,2,3,45-54,1274,1258.052577,1170,1096,1025
4,2,3,45-54,979.0921785,991,965.0441658,923.0454244,896
5,2,3,45-54,809.0859565,832,811,740,750.0391775
All,2,3,45-54,6032.298954,6188.102774,5945.143189,5451.179294,5334.128991
1,1,4,45-54,2367.07605,2395.158156,2341,2234,2155.073971
2,1,4,45-54,1803,1826.072741,1847.223314,1686.136971,1685.066734
3,1,4,45-54,1682,1748.148491,1710.141163,1624.129407,1572
4,1,4,45-54,1438.148602,1457.147348,1451,1429.071001,1447.20176
5,1,4,45-54,1263.073069,1234.2093,1220.196911,1185.271152,1151.125545
All,1,4,45-54,8553.302269,8660.749278,8569.581013,8158.615311,8010.464086
1,2,4,45-54,1573,1548,1521.056786,1505.05179,1376
2,2,4,45-54,1236.103785,1231.050819,1193,1096,1076.088146
3,2,4,45-54,1140.048795,1116,1093.045191,1070.090227,1076
4,2,4,45-54,949,927.0487905,956.0914915,861.0431207,875.0445719
5,2,4,45-54,793,811.0413865,737,710,686
All,2,4,45-54,5691.15349,5633.151425,5500.193269,5242.184211,5089.133422
1,1,5,45-54,2427,2293.159507,2350,2249.070093,2244.142359
2,1,5,45-54,1879.081885,1809.370962,1814.07375,1860.146413,1892
3,1,5,45-54,1810.233277,1772.221749,1779,1667.206729,1660
4,1,5,45-54,1500.077148,1449.15501,1444.212978,1435,1348.322847
5,1,5,45-54,1278.073277,1229.143619,1225.132335,1197.196066,1138.244971
All,1,5,45-54,8894.468767,8553.044464,8612.438337,8408.637571,8282.741619
1,2,5,45-54,1589,1523,1517.053018,1459,1401
2,2,5,45-54,1246,1231,1204,1135,1129
3,2,5,45-54,1168,1108.049843,1135,1065,1060
4,2,5,45-54,932,962.0485539,964.0491214,845,907.0452699
5,2,5,45-54,842,805.043729,734.0831514,706.0399915,745
All,2,5,45-54,5777,5629.153686,5554.198751,5210.047332,5242.045967
1,1,6,45-54,2358.087469,2354,2249.146939,2205.081269,2213.150597
2,1,6,45-54,1865.236696,1870,1808.222925,1756.069458,1748.347106
3,1,6,45-54,1751.157381,1739.077331,1751,1676,1634.141771
4,1,6,45-54,1447.315789,1441,1421.215046,1450.070107,1337
5,1,6,45-54,1253.463711,1177.212957,1176.068266,1122.318865,1194.06714
All,1,6,45-54,8675.286049,8581.313768,8405.667452,8209.575112,8126.693955
1,2,6,45-54,1605,1481,1477.110121,1363,1278.04466
2,2,6,45-54,1180,1149.056199,1180.055128,1058.045944,1112.052735
3,2,6,45-54,1072.050796,1085,1053,1055,977
4,2,6,45-54,904,874.0466741,894.0974143,829,811.0419887
5,2,6,45-54,834.0511899,715.0411377,715.1211487,777.042439,669
All,2,6,45-54,5595.108386,5304.153515,5319.403039,5082.095975,4847.134251
1,1,7,45-54,2456.254546,2454.164367,2362.080634,2302.15873,2309.076098
2,1,7,45-54,1891.321212,1901.077895,1861.078676,1854.14848,1792.21366
3,1,7,45-54,1760,1740.075586,1731,1735,1744.141172
4,1,7,45-54,1486,1447,1453.074225,1452.288937,1437.282112
5,1,7,45-54,1296.242805,1253.075542,1247.074774,1245.206909,1149.059494
All,1,7,45-54,8889.803068,8795.389035,8654.301454,8588.806227,8431.775336
1,2,7,45-54,1602.062656,1617.126228,1495,1449.056914,1409
2,2,7,45-54,1201,1209.055531,1175,1097.044984,1082.049917
3,2,7,45-54,1142,1142,1080,1046,1089
4,2,7,45-54,921,908.0984798,866,920,866.0449769
5,2,7,45-54,819.0950272,852,715.0405997,724.0440838,734.1212057
All,2,7,45-54,5685.160518,5728.268555,5331.049807,5236.145547,5180.236355
1,1,8,45-54,2470.08787,2366.163528,2332.323199,2238,2068.135787
2,1,8,45-54,1911,1845.074408,1846.220328,1821.213528,1815.142276
3,1,8,45-54,1720.22703,1691,1767.070672,1629.069607,1609
4,1,8,45-54,1506.241606,1520.149395,1551.077421,1466,1401.201646
5,1,8,45-54,1285,1216.070495,1279,1176.280498,1152.315916
All,1,8,45-54,8892.565731,8638.456743,8775.686685,8330.572066,8045.815647
1,2,8,45-54,1613.058346,1571,1404.055623,1401,1373.047438
2,2,8,45-54,1220.051172,1173,1133,1121.047425,1026.140045
3,2,8,45-54,1099.052283,1143.052974,1107,1076,987.0445665
4,2,8,45-54,927.09897,912.0484874,905,931,783.0414707
5,2,8,45-54,790.1006162,747.0467096,819.0479192,736.0824014,754.0833602
All,2,8,45-54,5649.378888,5546.15633,5368.100461,5265.146585,4923.361653
1,1,9,45-54,2268,2240.1553,2232,2076.14406,2080.286097
2,1,9,45-54,1875.240901,1794.155311,1848.07602,1754,1656.134505
3,1,9,45-54,1667.072833,1678,1747.076233,1674.14842,1550.066191
4,1,9,45-54,1491.165187,1403.228352,1457,1386.069861,1344.19998
5,1,9,45-54,1226.226294,1198.207893,1240,1187.404876,1164.137416
All,1,9,45-54,8527.715946,8313.760651,8524.150047,8077.783884,7794.809003
1,2,9,45-54,1538,1510.05412,1387.111623,1397,1316.092406
2,2,9,45-54,1211,1233.05359,1127.048911,1083,1102.051595
3,2,9,45-54,1121.107596,1117.10861,1039.04717,1008,927
4,2,9,45-54,923,930.0527991,928.0496822,849.0443566,793
5,2,9,45-54,811.0525834,797.0456599,751,701.0830685,696.0809151
All,2,9,45-54,5604.163697,5587.319239,5232.245318,5038.143478,4834.2257
1,1,10,45-54,2385.171204,2411.161535,2230.29251,2277.077209,2181.217796
2,1,10,45-54,1840.071555,1843,1842.143225,1742.067845,1730
3,1,10,45-54,1699.152686,1704.071924,1693.069544,1632,1607
4,1,10,45-54,1435.074842,1501.079674,1481.29162,1444.070549,1401.067444
5,1,10,45-54,1287.145941,1279.270574,1253.128169,1127.496443,1213.061383
All,1,10,45-54,8646.608734,8738.595713,8499.930448,8222.750824,8132.331515
1,2,10,45-54,1578,1609,1516.055758,1500,1419
2,2,10,45-54,1177.04819,1198,1168,1113.142406,1092
3,2,10,45-54,1104.04757,1193.052937,1148,1020,1001
4,2,10,45-54,976,988.0519599,881,891,837
5,2,10,45-54,818,827.0406292,738,723.1561141,670
All,2,10,45-54,5653.102876,5815.156369,5451.048512,5247.323809,5019
1,1,11,45-54,2364.079855,2426.409125,2179.068073,2206.068738,2172.138545
2,1,11,45-54,1882.077513,1791,1790.068637,1685,1690.065777
3,1,11,45-54,1669,1678.146396,1721,1594,1571
4,1,11,45-54,1427.072888,1470.076899,1353.256815,1332.069432,1434.134881
5,1,11,45-54,1192.066374,1205.139736,1120.063856,1108.469876,1158.120664
All,1,11,45-54,8534.305717,8570.739341,8163.481443,7925.662875,8025.455153
1,2,11,45-54,1510,1530.05353,1443,1417,1464.053677
2,2,11,45-54,1172,1203,1104.045431,1111,1129.043431
3,2,11,45-54,1119.049522,1096.049132,1021,1002,1060
4,2,11,45-54,925,933,929.0452929,911,864.0412218
5,2,11,45-54,741.0390839,774.2182456,767.0421129,738.0832068,708.1890314
All,2,11,45-54,5467.101126,5536.34792,5264.140756,5179.091013,5225.361614
1,1,12,45-54,2390.073761,2492.379347,2426.076151,2373.146258,2315.075792
2,1,12,45-54,1982.154921,1958.07,1893.338772,1821.066028,1807
3,1,12,45-54,1743.14321,1857,1830,1726,1732
4,1,12,45-54,1496,1537.283955,1609.067563,1520.067554,1458.06181
5,1,12,45-54,1231.134018,1256.133003,1327.193036,1226.249077,1245.299853
All,1,12,45-54,8842.520306,9100.862873,9085.692782,8666.542868,8557.457304
1,2,12,45-54,1640.107959,1727.168183,1689.056202,1536,1428
2,2,12,45-54,1229.151161,1285,1325.097944,1188,1173.046415
3,2,12,45-54,1193.051103,1146,1151.04515,1092,1077.041559
4,2,12,45-54,1006,967.0888653,972,886.0435833,910
5,2,12,45-54,861.0451902,763,787,740.0807984,780.0755951
All,2,12,45-54,5929.361638,5888.24006,5924.185844,5442.134302,5368.171802
1,1,1,55-64,5555,5367.336384,5602.811023,6239,5637
2,1,1,55-64,4259.294331,4254.15564,4368.153457,4756.60676,4429
3,1,1,55-64,4013.146307,3873,4076.158927,4335,4197.150705
4,1,1,55-64,3256.581278,3164,3361.143912,3608.586828,3424.1456
5,1,1,55-64,2893.287513,2796,2776.127273,2987,2792.406032
All,1,1,55-64,19977.36823,19454.46858,20184.37081,21926.2161,20479.7775
1,2,1,55-64,3638.112655,3523,3732,4022,3753.118167
2,2,1,55-64,2666,2816,2754,3162.098951,2936
3,2,1,55-64,2546.094172,2573,2722,2866,2659.210304
4,2,1,55-64,2160.182191,2076,2209,2362,2190
5,2,1,55-64,1769.085616,1823,1822,1934,1817.092778
All,2,1,55-64,12779.47703,12811,13239,14346.10067,13355.42416
1,1,2,55-64,4908.495934,5133.347413,5094,5076,5220
2,1,2,55-64,3791.161677,4070.316152,3993,4058.313215,4029
3,1,2,55-64,3491.153333,3686.154528,3573.150013,3718.160527,3634
4,1,2,55-64,2847.436654,2972.298523,2987.14453,3037.143414,3085.446778
5,1,2,55-64,2460.132348,2546,2541,2611,2632.718804
All,1,2,55-64,17498.39124,18408.10583,18188.30797,18500.61655,18601.2424
1,2,2,55-64,3147.109068,3276,3327.111827,3408,3387
2,2,2,55-64,2439,2569,2514,2595,2571
3,2,2,55-64,2288.098372,2391,2381,2391.097669,2297
4,2,2,55-64,1864.09061,2019,2007.196968,1941.094975,2037
5,2,2,55-64,1585,1681,1668,1634,1605
All,2,2,55-64,11323.29838,11936,11897.30849,11969.20465,11897
1,1,3,55-64,5342.492146,5466,5420.331135,5583,5659.327607
2,1,3,55-64,4185,4218.303261,4249.470942,4198.463924,4385.153502
3,1,3,55-64,3764.153908,3869.147469,3835.147623,3913.147391,3877.150659
4,1,3,55-64,3052.294025,3317.309985,3287.304,3278.441396,3309.291429
5,1,3,55-64,2727,2817.426929,2714.557847,2679.671561,2722.276496
All,1,3,55-64,19070.94066,19688.27163,19506.84066,19652.85417,19953.21972
1,2,3,55-64,3423,3608.117489,3614,3693.127766,3728.253805
2,2,3,55-64,2730.218686,2865,2801.215292,2865.225882,2847
3,2,3,55-64,2532,2631.107394,2598,2518,2737
4,2,3,55-64,2036.191893,2197,2100.093197,2051.094358,2094
5,2,3,55-64,1767.185752,1841,1779,1770,1798.090951
All,2,3,55-64,12488.61892,13142.21827,12892.31051,12897.42421,13204.31931
1,1,4,55-64,4866.163583,5155.343873,5144,5175,5138.169087
2,1,4,55-64,3884,4022.160243,4020.477248,3986.302424,4076.171314
3,1,4,55-64,3549,3757.318952,3718.306976,3720.306737,3828
4,1,4,55-64,2999.310161,2978.301191,2952,3041.146322,3047.443402
5,1,4,55-64,2451.144206,2513.425907,2575.425324,2579.564322,2534.269933
All,1,4,55-64,17749.62726,18426.59416,18410.24821,18502.39542,18624.07899
1,2,4,55-64,3151,3240,3319.123688,3383.118754,3369
2,2,4,55-64,2480.222445,2634.110443,2767,2543,2684.220114
3,2,4,55-64,2338.104999,2496,2346.101284,2454.208726,2484
4,2,4,55-64,1903,1942.096655,1962.188188,1957.095066,1976.094879
5,2,4,55-64,1712,1667.085323,1695,1633,1673
All,2,4,55-64,11584.31243,11979.32202,12089.42481,11970.42064,12186.31949
1,1,5,55-64,5020,5147.354475,5153,5212.167013,5335.338402
2,1,5,55-64,4045.166885,3983.823658,4062.165525,4071.320374,4191
3,1,5,55-64,3737.482316,3738.473014,3776,3766.467866,3777
4,1,5,55-64,2944.148241,3012.304217,3064.453905,3179,3081.733986
5,1,5,55-64,2491.146128,2514.290013,2573.281465,2565.422084,2623.565821
All,1,5,55-64,18237.9612,18396.24648,18628.94813,18794.42506,19008.702
1,2,5,55-64,3250,3260,3369.117541,3210,3348
2,2,5,55-64,2466,2530,2614,2651,2618
3,2,5,55-64,2347,2382.10596,2450,2380,2555
4,2,5,55-64,1959,1986.103441,1975.103792,1986,1966.098663
5,2,5,55-64,1617,1686.09784,1722.189585,1567.089954,1687
All,2,5,55-64,11639,11844.32337,12130.43407,11794.10715,12174.10675
1,1,6,55-64,4912.181616,4782,5099.345301,4967.171943,5062.34968
2,1,6,55-64,3773.487114,3838,4027.493139,3934.155819,4003.797139
3,1,6,55-64,3506.315205,3513.15146,3676,3722,3720.31659
4,1,6,55-64,2914.61831,2892,2975.470785,3064.151661,2963
5,1,6,55-64,2361.880121,2466.454817,2504.130996,2560.731577,2515.141589
All,1,6,55-64,17468.58959,17491.63957,18282.45172,18248.27836,18264.55965
1,2,6,55-64,3054,3059,3122.231399,3182,3284.117843
2,2,6,55-64,2394,2389.115774,2529.116731,2573.115912,2442.11313
3,2,6,55-64,2205.101493,2286,2425,2372,2399
4,2,6,55-64,1907,1872.107095,1903.207252,1955,1930.098183
5,2,6,55-64,1577.09789,1620.093872,1677.283553,1620.085732,1581
All,2,6,55-64,11137.21575,11226.32492,11656.88321,11702.22099,11636.32229
1,1,7,55-64,4926.510161,4926.335734,5196.177185,5139.344871,5304.176023
2,1,7,55-64,3866.656912,3952.157474,3900.162381,4119.329747,4078.486436
3,1,7,55-64,3565,3832.16408,3775,3807,3787.306514
4,1,7,55-64,3019,3061,3116.15871,3137.623768,3113.611074
5,1,7,55-64,2454.434668,2681.15835,2563.148689,2516.416199,2531.131185
All,1,7,55-64,17831.61083,18452.8162,18550.64617,18719.75721,18814.73009
1,2,7,55-64,3146.12048,3087.241295,3313,3316.129576,3308
2,2,7,55-64,2446,2562.116871,2581,2503.11121,2531.114358
3,2,7,55-64,2328,2342,2433,2429,2408
4,2,7,55-64,1902,1922.208284,1886,2057,1959.102879
5,2,7,55-64,1600.185582,1618,1653.105931,1631.097818,1629.289688
All,2,7,55-64,11422.3225,11531.54063,11866.11086,11936.33179,11835.54001
1,1,8,55-64,4908.178385,4998.344911,5074.692419,5020,5117.337216
2,1,8,55-64,3837,3940.162162,3941.477335,4199.502726,4107.321974
3,1,8,55-64,3585.479132,3775,3660.157983,3845.161593,3663
4,1,8,55-64,2998.480344,2955.302788,3019.149907,2973,3117.458875
5,1,8,55-64,2462,2571.149104,2488,2629.580498,2471.69364
All,1,8,55-64,17791.13184,18239.96441,18183.42283,18667.2819,18476.8731
1,2,8,55-64,3080.114177,3201,3197.124114,3237,3306.118739
2,2,8,55-64,2438.108716,2453,2544,2628.111534,2575.347404
3,2,8,55-64,2251.11155,2327.104833,2378,2380,2342.104169
4,2,8,55-64,1853.195477,1969.106844,1913,1972,1933.104425
5,2,8,55-64,1554.188908,1605.096038,1651.10138,1683.189238,1583.190568
All,2,8,55-64,11176.74959,11555.32571,11683.21865,11900.33131,11739.86237
1,1,9,55-64,4760,4810.341632,4975,4846.336362,5115.702751
2,1,9,55-64,3633.471332,3827.331183,4004.161009,3854,3915.317934
3,1,9,55-64,3446.154528,3573,3591.159743,3590.307342,3625.149574
4,1,9,55-64,2875.313721,2841.456318,2890,3026.158269,2961.449576
5,1,9,55-64,2445.447692,2475.438518,2499,2465.849918,2378.272963
All,1,9,55-64,17160.44071,17527.60365,17959.31613,17782.72567,17995.86774
1,2,9,55-64,3094,3140.117045,3244.257491,3104,3210.23466
2,2,9,55-64,2390,2489.108767,2511.110526,2460,2542.111232
3,2,9,55-64,2278.2183,2359.216837,2320.105755,2353,2322
4,2,9,55-64,1866,1806.10011,1896.09661,1777.091348,1857
5,2,9,55-64,1586.096594,1555.087047,1673,1593.192877,1554.183859
All,2,9,55-64,11214.32757,11349.64848,11644.54596,11287.32144,11485.53624
1,1,10,55-64,5014.344552,5033.337109,5226.68468,5268.172909,5156.508999
2,1,10,55-64,3980.164594,4051,4039.327015,4148.159053,4097
3,1,10,55-64,3615.316601,3714.159749,3739.151444,3801,3770
4,1,10,55-64,3029.156905,3037.152891,3061.599518,3117.146863,3133.144631
5,1,10,55-64,2589.292099,2532.545063,2560.276111,2636.123533,2616.13835
All,1,10,55-64,18228.2833,18368.25217,18627.03902,18970.73223,18772.76527
1,2,10,55-64,3211,3259,3315.122,3263,3252
2,2,10,55-64,2603.108883,2484,2585,2570.325906,2691
3,2,10,55-64,2373.106732,2443.106329,2508,2397,2479
4,2,10,55-64,1859,1984.103616,2078,1963,2017
5,2,10,55-64,1680,1730.08952,1707,1693.365439,1633
All,2,10,55-64,11726.2134,11900.32,12193.10851,11886.73352,12072
1,1,11,55-64,4917.165432,5035.846575,5128.165258,5101.158807,5163.329005
2,1,11,55-64,3815.155027,3987,4037.154893,4104,4200.150261
3,1,11,55-64,3564,3645.300533,3820,3816,3789
4,1,11,55-64,2951.153515,2934.151341,3012.575267,3108.153182,3209.301811
5,1,11,55-64,2465.137133,2508.285037,2599.145604,2585.162579,2531.269431
All,1,11,55-64,17712.6345,18110.56228,18597.09677,18714.56522,18893.0715
1,2,11,55-64,3119,3313.119465,3299,3367,3477.128027
2,2,11,55-64,2459,2584,2567.108468,2676,2727.112143
3,2,11,55-64,2364.10551,2361.10405,2422,2423,2387
4,2,11,55-64,1980,2007,2018.101255,1926,1978.097074
5,2,11,55-64,1598.08546,1628.465874,1636.095664,1658.187873,1692.454332
All,2,11,55-64,11520.21309,11893.74744,11942.31932,12050.21176,12261.84856
1,1,12,55-64,5224.166656,5557.845813,5608.173421,5486.338284,5604.175375
2,1,12,55-64,4170.325948,4282.158626,4442.79223,4374.157712,4340
3,1,12,55-64,3742.307335,3943,4079,3994,4033
4,1,12,55-64,3048,3322.615492,3311.14543,3272.151929,3230.146444
5,1,12,55-64,2729.296948,2729.281653,2789.411545,2683.550589,2848.705161
All,1,12,55-64,18914.11293,19834.88059,20230.54257,19810.2409,20056.07178
1,2,12,55-64,3364.230609,3616.346946,3695.119545,3589,3662
2,2,12,55-64,2643.322379,2756,2913.208073,2740,2912.11397
3,2,12,55-64,2437.100265,2529,2698.105426,2602,2675.10209
4,2,12,55-64,2017,2181.200472,2205,2146.10157,2140
5,2,12,55-64,1690.08613,1813,1929,1749.186163,1779.172137
All,2,12,55-64,12151.74115,12895.52574,13440.42163,12826.31653,13168.42144
1,1,1,65-74,7342,7256.454463,7637.116982,8497,7840
2,1,1,65-74,5642.410969,5509.205975,5904.205465,6589.851834,6153
3,1,1,65-74,5138.190792,5146,5509.201648,6072,5771.212418
4,1,1,65-74,4250.767214,4202,4600.204127,4975.804281,4718.209244
5,1,1,65-74,3781.366139,3687,4021.184865,4406,4062.598158
All,1,1,65-74,26154.79132,25800.62143,27671.87932,30540.69389,28545.0837
1,2,1,65-74,5448.167713,5174,5742,6192,5816.181242
2,2,1,65-74,4240,4103,4480,4858.162464,4626
3,2,1,65-74,3867.141769,3865,4125,4569,4162.329536
4,2,1,65-74,3346.282568,3101,3559,3928,3584
5,2,1,65-74,2932.134168,2850,3020,3217,3021.149865
All,2,1,65-74,19833.74036,19093,20926,22764.15974,21209.67361
1,1,2,65-74,6542.657971,6826.458723,6761,7206,7280
2,1,2,65-74,4927.203606,5153.409718,5290,5510.421061,5630
3,1,2,65-74,4584.197863,4861.207059,4982.204649,5183.214671,5252
4,1,2,65-74,3761.587961,3932.395273,4094.208619,4166.206576,4272.620683
5,1,2,65-74,3298.183855,3487,3595,3569,3661.983608
All,1,2,65-74,23113.83771,24260.4574,24722.4186,25634.8543,26096.74304
1,2,2,65-74,4837.162036,4880,5205.178844,5307,5239
2,2,2,65-74,3669,4054,3960,4145,4242
3,2,2,65-74,3469.154692,3613,3693,3783.15901,3769
4,2,2,65-74,2935.146332,3061,3193.313362,3249.160134,3246
5,2,2,65-74,2525,2652,2728,2742,2751
All,2,2,65-74,17435.45944,18260,18779.48694,19226.32874,19247
1,1,3,65-74,6984.645804,7121,7404.452056,7484,7753.453203
2,1,3,65-74,5299,5577.425466,5714.637309,5812.641942,6305.228736
3,1,3,65-74,4989.203504,5292.205458,5398.206907,5460.205258,5797.220956
4,1,3,65-74,4069.398629,4271.403251,4288.396575,4475.620661,4619.421607
5,1,3,65-74,3399,3776.576467,3830.791205,3895.972528,4121.413089
All,1,3,65-74,24741.22034,26038.68179,26636.51341,27128.55948,28596.74809
1,2,3,65-74,5233,5349.17515,5581,5428.191079,5724.382514
2,2,3,65-74,4050.326397,4085,4317.331635,4271.336779,4434
3,2,3,65-74,3775,3959.160851,4000,4114,4198
4,2,3,65-74,3229.304134,3212,3428.158604,3198.152205,3517
5,2,3,65-74,2778.284768,2911,3017,2842,3087.155043
All,2,3,65-74,19065.94489,19516.32413,20343.48997,19853.65301,20960.50687
1,1,4,65-74,6646.222113,6797.453603,6946,7076,7076.236574
2,1,4,65-74,4897,5163.211333,5310.63676,5620.443715,5671.22121
3,1,4,65-74,4770,4814.408891,4983.411249,5188.416781,5311
4,1,4,65-74,3752.388046,3946.399162,3943,4204.210056,4211.621408
5,1,4,65-74,3367.190129,3532.594822,3538.578086,3712.814679,3881.423245
All,1,4,65-74,23432.8281,24254.09832,24721.67612,25801.94595,26151.51509
1,2,4,65-74,4823,4965,5098.185455,5059.174253,5404
2,2,4,65-74,3810.331077,3913.161785,4016,4156,4172.348556
3,2,4,65-74,3421.151154,3667,3827.167048,3887.327225,3885
4,2,4,65-74,2997,3132.162841,3177.31992,3172.161953,3177.160982
5,2,4,65-74,2612,2634.144331,2711,2726,2870
All,2,4,65-74,17663.47638,18311.49223,18829.66165,19000.66769,19508.51146
1,1,5,65-74,6521,6720.467026,6933,6994.233957,7330.464896
2,1,5,65-74,4983.209754,5243.072886,5413.222353,5553.437274,5713
3,1,5,65-74,4766.6079,4735.607184,4980,5052.630495,5373
4,1,5,65-74,3817.20357,3927.414879,4143.610535,4212,4291.032976
5,1,5,65-74,3382.193844,3328.389671,3546.398624,3587.591413,3807.815563
All,1,5,65-74,23470.23696,23954.92528,25016.27322,25399.92591,26515.37413
1,2,5,65-74,4693,4840,5004.181163,5073,5432
2,2,5,65-74,3683,3871,4054,4032,4208
3,2,5,65-74,3546,3581.159638,3749,3691,3899
4,2,5,65-74,2917,3005.15495,3013.156407,3090,3271.166419
5,2,5,65-74,2551,2704.153104,2769.305166,2631.151692,2804
All,2,5,65-74,17390,18001.49147,18589.66521,18517.16822,19614.17199
1,1,6,65-74,6059.224572,6393,6524.441218,6702.235767,6940.472909
2,1,6,65-74,4710.609025,4847,5160.640435,5213.218718,5693.132619
3,1,6,65-74,4518.405876,4601.210488,4840,4982,5101.432584
4,1,6,65-74,3562.797435,3789,3966.614462,4011.211753,4198
5,1,6,65-74,3203.153574,3396.60598,3426.190406,3523.012051,3542.197243
All,1,6,65-74,22054.26939,23026.84196,23917.8992,24431.71153,25475.17538
1,2,6,65-74,4450,4668,4796.36195,4927,4958.177083
2,2,6,65-74,3603,3554.170149,3712.165121,3816.171995,3966.181632
3,2,6,65-74,3314.16516,3509,3605,3744,3868
4,2,6,65-74,2779,2821.159645,2944.320707,2966,3117.16503
5,2,6,65-74,2445.148518,2557.147095,2543.434361,2659.146951,2632
All,2,6,65-74,16591.3214,17109.49519,17601.33361,18112.34205,18541.51354
1,1,7,65-74,6409.663614,6490.435485,6666.234362,6762.464443,7113.237934
2,1,7,65-74,4918.835244,5043.209684,5185.214373,5393.431781,5677.67249
3,1,7,65-74,4528,4810.207272,4961,5018,5244.424513
4,1,7,65-74,3625,3809,3995.204355,4151.826074,4192.823121
5,1,7,65-74,3262.596427,3319.191153,3463.20101,3680.61085,3762.195397
All,1,7,65-74,22744.0546,23472.03821,24270.84542,25006.34733,25990.38992
1,2,7,65-74,4619.180317,4924.378999,5010,4966.194644,4974
2,2,7,65-74,3701,3872.17513,3887,3964.170386,4007.177668
3,2,7,65-74,3481,3485,3704,3621,3768
4,2,7,65-74,2876,2975.322411,3050,3073,3126.167612
5,2,7,65-74,2440.283018,2533,2594.156818,2692.158241,2812.488313
All,2,7,65-74,17117.4833,17789.83403,18245.17046,18316.50914,18687.85266
1,1,8,65-74,6220.227904,6610.456123,6700.927343,6813,6988.455628
2,1,8,65-74,5017,5097.20704,5262.629294,5550.662547,5610.439804
3,1,8,65-74,4544.608073,4960,5000.212185,5062.212111,5240
4,1,8,65-74,3684.58729,3864.401894,3985.206046,4188,4261.639967
5,1,8,65-74,3152,3436.196839,3419,3543.814938,3782.034689
All,1,8,65-74,22618.43895,23968.26728,24367.90676,25157.7276,25882.62386
1,2,8,65-74,4666.172235,4778,4762.1878,4948,5061.183733
2,2,8,65-74,3578.157638,3772,3892,3909.172923,3995.538514
3,2,8,65-74,3342.159331,3623.167286,3653,3756,3803.168812
4,2,8,65-74,2779.312136,2892.159944,3096,2925,3125.165883
5,2,8,65-74,2510.306106,2592.157263,2559.149734,2736.30745,2769.324847
All,2,8,65-74,16876.13183,17657.49771,17962.33616,18274.50877,18754.37763
1,1,9,65-74,6175,6357.440797,6704,6678.463372,6777.923518
2,1,9,65-74,4929.636175,4731.40936,5148.216998,5249,5542.450315
3,1,9,65-74,4596.211299,4593,4954.207463,5035.428284,5069.21078
4,1,9,65-74,3576.401643,3796.619663,3930,3912.200618,4076.613856
5,1,9,65-74,3154.57782,3304.58104,3413,3513.199157,3543.396886
All,1,9,65-74,22431.88327,22783.08449,24149.42509,24388.3667,25009.59568
1,2,9,65-74,4478,4673.173312,4813.38236,4852,4932.375601
2,2,9,65-74,3598,3713.165904,3772.166152,3895,3843.16635
3,2,9,65-74,3304.316613,3503.326406,3563.157264,3585,3665
4,2,9,65-74,2727,2757.151043,3051.167903,3111.170949,3039
5,2,9,65-74,2457.151349,2609.144671,2650,2642.320219,2768.317941
All,2,9,65-74,16564.48385,17255.98594,17849.8369,18085.51505,18247.85195
1,1,10,65-74,6722.472883,6800.455282,6840.896223,7079.23581,7333.72639
2,1,10,65-74,5039.205785,5267,5480.440284,5632.217537,5777
3,1,10,65-74,4751.414146,4938.205741,5021.206295,5333,5349
4,1,10,65-74,3809.192292,3980.197795,4164.823407,4195.206273,4410.211215
5,1,10,65-74,3355.379264,3463.737679,3638.387067,3702.570516,3827.201931
All,1,10,65-74,23677.66694,24449.66674,25145.75259,25942.36881,26697.08831
1,2,10,65-74,4941,4889,5120.191271,5247,5342
2,2,10,65-74,3844.164366,3899,3953,4114.528126,4246
3,2,10,65-74,3609.164434,3592.159357,3907,3931,3798
4,2,10,65-74,2919,3040.151221,3081,3151,3373
5,2,10,65-74,2661,2674.137958,2688,2803.605096,2894
All,2,10,65-74,17974.3271,18094.48656,18749.16686,19247.18773,19653
1,1,11,65-74,6388.220038,6843.152951,6923.223416,7304.232722,7543.48034
2,1,11,65-74,5009.20133,5120,5533.215601,5634,5834.220178
3,1,11,65-74,4682,4883.404438,5182,5048,5349
4,1,11,65-74,3752.199742,3857.195372,4148.808771,4236.200157,4516.424719
5,1,11,65-74,3348.19072,3485.382523,3663.206684,3686.634877,3842.41977
All,1,11,65-74,23179.83035,24189.08663,25450.50095,25909.16695,27085.53612
1,2,11,65-74,4789,4999.172858,5148,5164,5396.191376
2,2,11,65-74,3700,3802,4063.166352,4095,4203.165271
3,2,11,65-74,3463.161853,3703.165764,3756,3860,3988
4,2,11,65-74,2933,2996,3099.160565,3126,3256.164788
5,2,11,65-74,2733.14984,2646.742448,2689.15535,2867.3223,2900.795955
All,2,11,65-74,17618.32589,18147.14042,18755.5015,19112.33586,19744.36638
1,1,12,65-74,6925.218314,7321.116405,7697.228085,7525.46379,7701.235536
2,1,12,65-74,5332.416817,5595.211298,6029.076331,5947.215364,6128
3,1,12,65-74,5007.411588,5355,5570,5615,5755
4,1,12,65-74,3934,4426.815915,4583.207885,4539.200324,4638.203597
5,1,12,65-74,3548.386817,3866.396145,3999.581692,3965.799765,4000.982472
All,1,12,65-74,24747.45617,26564.51864,27879.12578,27592.72839,28223.50824
1,2,12,65-74,4985.347732,5486.505291,5732.180309,5569,5714
2,2,12,65-74,4031.498419,4297,4524.328104,4232,4479.174302
3,2,12,65-74,3744.165578,3873,4274.166228,4172,4260.163746
4,2,12,65-74,3081,3399.312481,3460,3405.162996,3601
5,2,12,65-74,2703.136353,3052,3063,2984.319547,3096.299947
All,2,12,65-74,18545.13109,20107.81978,21053.66046,20362.50251,21150.6769
1,1,1,75-84,8424,7671.480158,8298.219538,9281,8551
2,1,1,75-84,6719.484884,6237.237628,6616.239067,7561.994023,6642
3,1,1,75-84,6452.246338,6052,6302.234089,6964,6457.239243
4,1,1,75-84,5344.968186,4917,5140.228231,5784.942079,5491.243022
5,1,1,75-84,4981.466355,4761,4960.238821,5420,4923.712647
All,1,1,75-84,31922.18632,29638.71388,31317.12688,35011.94188,32065.21734
1,2,1,75-84,8329.250618,7457,7888,8640,7830.248888
2,2,1,75-84,6606,5900,6425,7011.240562,6335
3,2,1,75-84,6256.232564,5674,6019,6863,6111.484049
4,2,1,75-84,5522.466291,4815,5270,5725,5338
5,2,1,75-84,4969.223585,4579,4884,5223,4827.236009
All,2,1,75-84,31683.18268,28425,30486,33462.23481,30441.96682
1,1,2,75-84,7351.747398,7281.489956,7372,7723,7578
2,1,2,75-84,5773.245535,5752.474721,5890,6160.492694,6212
3,1,2,75-84,5560.241453,5548.235479,5646.236727,5763.231978,6001
4,1,2,75-84,4575.708022,4646.466936,4702.233751,4715.239556,4910.708574
5,1,2,75-84,4169.237006,4386,4302,4568,4449.194953
All,1,2,75-84,27430.18088,27614.65889,27912.47262,28929.96412,29150.94703
1,2,2,75-84,7197.250916,6799,6919.240604,7161,6960
2,2,2,75-84,5539,5642,5694,5804,5805
3,2,2,75-84,5428.239046,5565,5527,5726.242386,5521
4,2,2,75-84,4732.234948,4607,4555.447028,4662.227959,4650
5,2,2,75-84,4209,4167,4240,4390,4441
All,2,2,75-84,27105.71425,26780,26935.69842,27743.47437,27377
1,1,3,75-84,7676.715665,7598,8001.488129,7842,8414.497213
2,1,3,75-84,6120,6068.473913,6442.716628,6415.731176,6644.239134
3,1,3,75-84,5828.241021,5854.232826,6117.231107,6237.243914,6395.239455
4,1,3,75-84,4776.466797,4754.45743,5048.466892,5126.714851,5216.468036
5,1,3,75-84,4464,4400.68304,4636.94264,4813.195652,4911.466219
All,1,3,75-84,28865.42377,28675.85212,30246.85408,30434.87142,31581.93057
1,2,3,75-84,7414,7167.238934,7528,7317.2492,7629.503301
2,2,3,75-84,5781.460384,5885,6115.47039,5907.465924,6305
3,2,3,75-84,5771,5681.231994,5913,5801,6110
4,2,3,75-84,4798.452025,4813,4933.230841,5004.236226,5118
5,2,3,75-84,4558.464087,4392,4538,4615,4711.231268
All,2,3,75-84,28323.40368,27938.46401,29027.69913,28644.94216,29873.72241
1,1,4,75-84,7115.243963,7051.472406,7260,7492,7718.25434
2,1,4,75-84,5648,5767.236346,5837.705933,6063.483239,6205.23658
3,1,4,75-84,5489,5355.454951,5631.464911,5844.477289,6053
4,1,4,75-84,4574.473258,4584.463641,4459,4714.232839,5008.718182
5,1,4,75-84,4228.236159,4186.702701,4432.713499,4329.912946,4558.484332
All,1,4,75-84,27054.95611,26945.33115,27620.87268,28444.14522,29543.71162
1,2,4,75-84,6686,6658,6901.25182,6907.246544,7152
2,2,4,75-84,5526.468956,5474.233089,5524,5600,5854.483378
3,2,4,75-84,5335.234863,5235,5351.227976,5627.476265,5584
4,2,4,75-84,4547,4410.225116,4546.455455,4644.229844,4679.242077
5,2,4,75-84,4066,4136.222699,4170,4190,4359
All,2,4,75-84,26160.70555,25913.69659,26492.93092,26968.94769,27628.72435
1,1,5,75-84,6974,6943.470531,7240,7147.232445,7680.486389
2,1,5,75-84,5611.229754,5722.164437,5817.230146,6062.477273,6335
3,1,5,75-84,5399.68956,5480.701951,5626,5740.708146,6251
4,1,5,75-84,4430.232697,4352.444721,4605.680573,4632,4885.183562
5,1,5,75-84,4163.234104,4086.4586,4222.445771,4360.709508,4570.952223
All,1,5,75-84,26578.40077,26585.24649,27511.40021,27943.11874,29722.6613
1,2,5,75-84,6610,6559,6667.238201,6880,7024
2,2,5,75-84,5386,5259,5472,5353,5845
3,2,5,75-84,5177,5158.224381,5430,5440,5636
4,2,5,75-84,4410,4310.227148,4563.23533,4439,4684.239227
5,2,5,75-84,4066,4116.225042,4144.448186,4144.229341,4338
All,2,5,75-84,25649,25402.69354,26276.94029,26256.23853,27527.24138
1,1,6,75-84,6562.234365,6551,6847.468261,6815.240864,7282.488608
2,1,6,75-84,5208.682646,5450,5483.690343,5600.235789,5930.171834
3,1,6,75-84,5126.460592,5003.229981,5264,5487,5632.466292
4,1,6,75-84,4105.911986,4111,4279.668614,4387.228411,4594
5,1,6,75-84,3896.395841,3822.669103,4014.236408,4133.140023,4356.233998
All,1,6,75-84,24899.6912,24937.91183,25889.05572,26422.85102,27795.3735
1,2,6,75-84,6223,6148,6380.48772,6425,6760.254017
2,2,6,75-84,5003,5047.233464,5270.236437,5295.239039,5475.242473
3,2,6,75-84,4886.228237,4912,4989,5105,5267
4,2,6,75-84,4171,4067.222506,4139.450859,4184,4431.234594
5,2,6,75-84,3792.222609,3826.220581,3941.688561,3855.219512,4006
All,2,6,75-84,24075.46638,24000.69464,24720.87304,24864.46956,25939.71845
1,1,7,75-84,6714.698428,6698.471293,6970.235968,7169.485281,7295.24031
2,1,7,75-84,5403.918022,5378.232,5673.227107,5897.472211,6025.709762
3,1,7,75-84,5191,5302.228362,5397,5670,5800.469558
4,1,7,75-84,4400,4301,4252.217337,4621.919932,4643.911704
5,1,7,75-84,3891.685412,3871.212309,4035.227009,4241.692315,4409.23855
All,1,7,75-84,25601.31272,25551.13017,26327.91708,27600.59085,28174.59077
1,2,7,75-84,6443.248289,6451.492808,6398,6411.242366,6667
2,2,7,75-84,5212,5167.229077,5096,5398.239825,5553.242804
3,2,7,75-84,5046,5040,5143,5172,5434
4,2,7,75-84,4213,4178.452856,4323,4420,4440.230034
5,2,7,75-84,3939.457999,3938,3917.221383,3931.221845,4194.697726
All,2,7,75-84,24853.70173,24775.16152,24877.23242,25332.70416,26289.19948
1,1,8,75-84,6780.23988,6823.470379,6946.946192,7132,7239.476865
2,1,8,75-84,5533,5521.226226,5569.700657,5840.702798,6048.474082
3,1,8,75-84,5072.681449,5236,5511.232101,5601.235149,5726
4,1,8,75-84,4265.678884,4307.458285,4316.218178,4486,4672.701268
5,1,8,75-84,3780,4088.227081,4072,4201.918672,4363.180089
All,1,8,75-84,25431.61792,25976.37345,26416.06702,27261.87209,28049.84356
1,2,8,75-84,6356.239276,6378,6432.248799,6488,6716.249158
2,2,8,75-84,5038.233552,5238,5297,5392.244015,5489.712861
3,2,8,75-84,4830.227419,5145.237268,5077,5334,5390.237148
4,2,8,75-84,4142.465293,4062.21755,4218,4356,4455.235998
5,2,8,75-84,3881.450196,3916.230601,3939.223297,4114.463277,4148.466645
All,2,8,75-84,24248.62629,24739.69734,24963.46718,25684.71508,26199.92455
1,1,9,75-84,6640,6512.466175,6878,6954.482431,7250.980834
2,1,9,75-84,5194.68728,5354.463604,5419.228145,5769,5834.474221
3,1,9,75-84,5163.236223,5199,5442.229207,5449.464864,5668.243875
4,1,9,75-84,4066.447824,4098.664161,4407,4466.236167,4615.7143
5,1,9,75-84,3878.700902,3996.700452,4015,4160.394762,4392.478879
All,1,9,75-84,24943.0941,25161.30208,26161.46051,26799.60069,27761.88133
1,2,9,75-84,6224,6324.237383,6438.491398,6377,6467.492931
2,2,9,75-84,4938,5057.235926,5164.238657,5267,5351.237011
3,2,9,75-84,4722.452626,4934.467963,4952.230755,5173,5243
4,2,9,75-84,4033,4047.223381,4294.231462,4296.229688,4440
5,2,9,75-84,3689.219364,3788.220364,3836,3946.455233,4134.453294
All,2,9,75-84,23606.68955,24151.37992,24685.15738,25059.71366,25636.1969
1,1,10,75-84,7029.479028,7118.47639,7515.985205,7483.244111,7583.731446
2,1,10,75-84,5569.234966,5765,5883.452609,5981.238899,6204
3,1,10,75-84,5393.47046,5520.22466,5653.236183,5818,6215
4,1,10,75-84,4484.235103,4507.224717,4638.919884,4872.236662,4912.236053
5,1,10,75-84,4087.462904,4339.93481,4277.483601,4550.916632,4761.244096
All,1,10,75-84,26563.87014,27250.8577,27969.06164,28705.62113,29676.20975
1,2,10,75-84,6688,6704,6885.254329,6928,6985
2,2,10,75-84,5441.238343,5410,5512,5668.717825,5759
3,2,10,75-84,5165.236304,5310.235358,5374,5586,5719
4,2,10,75-84,4326,4419.224045,4481,4639,4706
5,2,10,75-84,4006,4019.220349,4149,4441.933183,4576
All,2,10,75-84,25626.46636,25862.69545,26401.23496,27263.68242,27745
1,1,11,75-84,6930.240304,7108.195539,7340.246361,7589.247131,7653.487143
2,1,11,75-84,5683.244052,5789,5922.237466,6134,6351.24172
3,1,11,75-84,5493,5454.471873,5673,5829,6138
4,1,11,75-84,4387.234896,4410.221892,4691.954168,4726.236148,4933.463927
5,1,11,75-84,4026.235903,4205.464757,4341.233419,4386.806035,4650.473224
All,1,11,75-84,26519.95,26967.32629,27968.64946,28665.39747,29726.68591
1,2,11,75-84,6571,6676.236395,6852,7074,7080.25096
2,2,11,75-84,5225,5489,5648.237977,5706,5865.243266
3,2,11,75-84,5124.23113,5153.226467,5369,5577,5752
4,2,11,75-84,4359,4337,4405.233159,4709,4836.244958
5,2,11,75-84,4017.223336,4020.097141,4080.222939,4377.457536,4373.17208
All,2,11,75-84,25296.46791,25675.61353,26354.70469,27443.48227,27906.93126
1,1,12,75-84,7487.245406,7878.208895,8322.24951,8014.493503,8172.241888
2,1,12,75-84,6017.470801,6348.235496,6645.196115,6634.246604,6789
3,1,12,75-84,5561.457126,5865,6338,6193,6550
4,1,12,75-84,4652,4886.900891,5228.235125,5263.238284,5371.244499
5,1,12,75-84,4339.474048,4558.453583,4817.703804,4888.968713,4993.187838
All,1,12,75-84,28057.65095,29536.80045,31351.39054,30993.94144,31875.70341
1,2,12,75-84,7031.477121,7299.708186,7784.250661,7512,7785
2,2,12,75-84,5780.721654,5955,6417.489414,6066,6327.24306
3,2,12,75-84,5461.236893,5699,5925.231846,6005,6245.246222
4,2,12,75-84,4591,5007.460222,5016,5069.236595,5232
5,2,12,75-84,4236.226286,4480,4732,4648.467518,4782.463853
All,2,12,75-84,27100.6529,28441.15953,29874.93719,29300.72309,30371.97202
1,1,1,85+,7375,6474.40448,6933.060202,7612,6557
2,1,1,85+,6823.505285,6226.24365,6705.247485,7370.962503,6368
3,1,1,85+,6939.264335,6366,6631.24641,7528,6413.248738
4,1,1,85+,6041.06097,5413,5922.258472,6665.070302,5723.244
5,1,1,85+,6400.595178,5700,6438.320197,6749,6084.872094
All,1,1,85+,33579.29981,30179.72691,32630.21606,35924.99253,31146.18245
1,2,1,85+,12831.36321,10686,11575,13119,10676.35913
2,2,1,85+,11701,10056,10850,12113.411,10075
3,2,1,85+,11704.43685,10127,10968,12270,10086.79829
4,2,1,85+,10640.89787,9255,10028,10946,9312
5,2,1,85+,10814.47698,9332,10209,11063,9536.444548
All,2,1,85+,57692.15354,49456,53630,59511.41761,49686.57802
1,1,2,85+,6063.634364,5821.371629,6149,6152,5896
2,1,2,85+,5562.23618,5699.472587,5903,5897.491423,5664
3,1,2,85+,5800.253504,5748.237965,6078.257055,6118.24746,5818
4,1,2,85+,5182.795812,5120.514812,5348.258882,5255.255647,5287.766017
5,1,2,85+,5256.312331,5114,5501,5605,5466.400257
All,1,2,85+,27865.21547,27503.65223,28979.49068,29027.96738,28131.87897
1,2,2,85+,10499.3807,9848,10276.37129,10161,9624
2,2,2,85+,9471,9285,9552,9527,8887
3,2,2,85+,9622.416821,9313,9623,9774.409222,9061
4,2,2,85+,8772.436304,8413,8846.868149,8856.430743,8333
5,2,2,85+,9006,8445,9088,8998,8458
All,2,2,85+,47371.24827,45304,47386.22868,47316.80903,44363
1,1,3,85+,6490.671842,6168,6689.406708,6317,6526.422867
2,1,3,85+,6094,5980.477019,6148.689752,6085.698359,6310.231913
3,1,3,85+,6135.240701,6208.245121,6598.256637,6310.248269,6374.238715
4,1,3,85+,5341.514202,5217.496517,5559.514107,5540.739711,5742.495714
5,1,3,85+,5520,5459.849385,5658.117968,5828.443341,5944.55097
All,1,3,85+,29581.45908,29033.87524,30653.89249,30081.83811,30897.88875
1,2,3,85+,10874,10288.36293,11047,10429.33023,10526.65786
2,2,3,85+,10006.81028,9653,10100.77745,9853.777491,9802
3,2,3,85+,10199,9760.395006,10454,10205,10004
4,2,3,85+,9272.873295,8987,9180.424722,9082.420104,9111
5,2,3,85+,9201.895429,9055,9565,9430,9434.444661
All,2,3,85+,49554.45587,47743.79295,50347.21261,49000.61168,48878.18198
1,1,4,85+,5743.20899,5725.404147,6057,5986,5891.179693
2,1,4,85+,5408,5572.232737,5498.667743,5631.457797,5584.211709
3,1,4,85+,5482,5634.478777,5881.485621,5960.488907,5917
4,1,4,85+,4893.506081,4903.495885,5013,5033.242365,5075.729032
5,1,4,85+,5037.271352,4856.802876,5207.827794,5326.107441,5363.525585
All,1,4,85+,26563.93875,26692.30926,27657.87519,27937.10698,27831.61243
1,2,4,85+,9665,9679,9595.328148,9649.358959,9502
2,2,4,85+,9241.77814,8892.390255,9119,9251,8909.755709
3,2,4,85+,9296.410032,9280,9490.407333,9344.800349,9176
4,2,4,85+,8322,8187.415337,8413.836236,8373.42158,8103.405373
5,2,4,85+,8312,8178.467888,8626,8485,8648
All,2,4,85+,44837.20926,44217.1886,45244.58983,45103.58495,44339.16245
1,1,5,85+,5657,5678.354755,5601,5830.203287,5994.379042
2,1,5,85+,5292.213934,5250.068557,5350.205037,5474.431256,5573
3,1,5,85+,5558.707736,5577.712184,5529,5704.694945,5895
4,1,5,85+,4806.243554,4759.474977,4985.741931,4862,5158.230315
5,1,5,85+,4896.267228,4862.530943,5158.547754,5002.805741,5311.080007
All,1,5,85+,26210.38137,26128.19067,26624.35507,26874.03768,27931.50093
1,2,5,85+,9677,9584,9338.357475,9094,9456
2,2,5,85+,8786,8650,8851,8612,8851
3,2,5,85+,9166,9086.406065,9083,8781,9092
4,2,5,85+,8025,7872.412075,7835.4015,7897,8049.397028
5,2,5,85+,8014,8114.435927,8266.883484,8190.445741,8321
All,2,5,85+,43668,43307.18236,43374.55211,42574.38678,43769.38381
1,1,6,85+,5181.17212,5333,5424.39659,5468.17101,5609.348708
2,1,6,85+,5142.703492,5012,5189.650418,5161.221578,5367.055379
3,1,6,85+,5248.471688,5091.231537,5297,5404,5393.438367
4,1,6,85+,4431.935427,4388,4639.706803,4672.234543,4732
5,1,6,85+,4478.570141,4568.763787,4859.285978,4844.279727,5036.267725
All,1,6,85+,24482.62937,24392.8919,25410.01768,25549.78986,26138.232
1,2,6,85+,8827,8808,8690.695501,8753,9039.350697
2,2,6,85+,8318,8190.368397,8362.367431,8088.375228,8229.354356
3,2,6,85+,8295.399194,8489,8453,8492,8636
4,2,6,85+,7516,7396.403769,7512.818295,7559,7912.404638
5,2,6,85+,7510.434441,7509.457397,7503.337365,7633.462439,7858
All,2,6,85+,40466.78391,40393.16908,40522.07026,40525.76532,41675.15428
1,1,7,85+,5432.579832,5479.399138,5479.174742,5463.342633,5586.170321
2,1,7,85+,5108.868137,5053.218442,5159.206424,5243.419843,5251.613958
3,1,7,85+,5165,5257.217564,5405,5454,5660.458205
4,1,7,85+,4552,4545,4593.237437,4654.925702,4838.949755
5,1,7,85+,4502.761495,4776.259002,4632.244091,4848.790907,5095.293096
All,1,7,85+,24761.23683,25111.11071,25268.88019,25664.4091,26432.43057
1,2,7,85+,9136.327374,9061.638843,8856,8821.318066,9137
2,2,7,85+,8392,8167.360468,8414,8345.378972,8471.360292
3,2,7,85+,8721,8652,8563,8665,8703
4,2,7,85+,7718,7456.808246,7439,7674,7625.399327
5,2,7,85+,7642.89045,7564,7650.426242,7717.424169,7930.268535
All,2,7,85+,41610.17484,40901.91758,40922.38233,41223.14586,41866.91023
1,1,8,85+,5273.168467,5397.371185,5460.710407,5485,5715.401313
2,1,8,85+,4997,5254.227311,5315.684189,5330.63663,5408.423902
3,1,8,85+,5217.697194,5163,5339.227815,5384.220504,5636
4,1,8,85+,4457.713864,4510.466702,4707.234423,4667,4726.696406
5,1,8,85+,4594,4735.254373,4783,4874.03444,4947.311238
All,1,8,85+,24539.56117,25060.32502,25606.00363,25740.76764,26433.67972
1,2,8,85+,8999.363728,9059,8925.32128,8933,8787.346327
2,2,8,85+,8307.393627,8374,8395,8204.370874,8378.075997
3,2,8,85+,8438.402554,8420.382249,8572,8592,8863.388494
4,2,8,85+,7521.816391,7618.410105,7518,7481,7659.399957
5,2,8,85+,7553.855798,7640.41995,7785.428556,7700.868644,7636.824364
All,2,8,85+,40820.73773,41112.15883,41195.77096,40911.13899,41325.03559
1,1,9,85+,5090,5353.398042,5572,5399.373898,5534.722718
2,1,9,85+,5148.678457,5060.438221,5210.224373,5167,5240.426062
3,1,9,85+,5033.235023,5297,5455.229292,5249.461363,5370.232958
4,1,9,85+,4336.469139,4480.725893,4649,4649.23287,4736.717628
5,1,9,85+,4369.785928,4603.793303,4784,4784.586791,4955.533472
All,1,9,85+,23978.01308,24795.26859,25670.45187,25249.45026,25837.68163
1,2,9,85+,8832,9139.365524,8854.635005,8416,8759.701064
2,2,9,85+,8111,8206.381757,8426.382123,8247,8341.383302
3,2,9,85+,8340.799983,8406.77119,8855.406509,8403,8662
4,2,9,85+,7496,7561.418661,7630.404555,7559.40953,7709
5,2,9,85+,7481.430956,7672.462093,7762,7599.853041,7898.870366
All,2,9,85+,40261.17602,40986.34181,41528.94712,40225.14555,41370.93152
1,1,10,85+,5630.347124,5720.38181,5914.773148,5875.182561,6084.552073
2,1,10,85+,5380.233612,5521,5645.42593,5598.224978,5682
3,1,10,85+,5496.463924,5776.239501,5755.247871,5789,5863
4,1,10,85+,4823.249339,4896.245877,4903.957404,5012.245163,5133.244173
5,1,10,85+,4831.548804,5219.176203,5094.568737,5340.217125,5484.266852
All,1,10,85+,26161.84183,27132.84966,27313.98994,27614.5215,28247.1515
1,2,10,85+,9430,9614,9272.31731,9384,9486
2,2,10,85+,8950.390553,8902,8843,8906.121071,9037
3,2,10,85+,8973.392839,9040.392264,9297,8989,9229
4,2,10,85+,7917,8163.419832,8140,8304,8336
5,2,10,85+,8035,8297.472386,8330,8466.765933,8575
All,2,10,85+,43305.78809,44017.18362,43882.39053,44049.71828,44663
1,1,11,85+,5573.207851,5798.956253,5811.20778,6074.20877,6095.386991
2,1,11,85+,5354.236463,5569,5648.230979,5591,5844.229837
3,1,11,85+,5487,5678.488904,5855,5752,6004
4,1,11,85+,4719.246076,4925.2564,5133.008692,5076.250956,5231.49201
5,1,11,85+,4798.295092,5142.542457,5152.265501,5375.253305,5426.543579
All,1,11,85+,25931.92894,27114.33898,27599.62769,27868.33081,28601.6221
1,2,11,85+,9335,9749.368334,9493,9615,9704.321397
2,2,11,85+,8643,9040,8952.390502,9002,9095.384832
3,2,11,85+,8785.400159,9056.40068,9234,9093,9241
4,2,11,85+,7936,8267,8186.410669,8261,8190.404211
5,2,11,85+,8183.467069,8388.257794,8275.438598,8508.866282,8555.182184
All,2,11,85+,42882.79321,44500.79656,44141.18028,44479.78165,44786.09936
1,1,12,85+,6089.211872,6553.013956,6834.187194,6326.389138,6580.184032
2,1,12,85+,5757.450614,6047.238168,6417.162342,5937.233323,6178
3,1,12,85+,6103.50177,6374,6420,6242,6376
4,1,12,85+,5050,5493.013508,5781.252867,5551.257534,5463.250068
5,1,12,85+,5070.554708,5765.551092,6019.862428,5753.113484,5961.387884
All,1,12,85+,28070.65171,30232.86644,31472.39976,29809.86727,30558.63303
1,2,12,85+,9922.739807,10840.12307,11253.33939,10444,10521
2,2,12,85+,9278.165871,9954,10212.77075,9646,9969.367186
3,2,12,85+,9371.398323,10008,10356.40357,9989,10009.40056
4,2,12,85+,8495,9136.839733,9544,8939.409442,9100
5,2,12,85+,8476.46689,9244,9642,9035.868439,9274.901447
All,2,12,85+,45543.77776,49183.00516,51008.60016,48054.18589,48874.56417
