FIPS,Y2015,Y2016,Y2017,Y2018,Y2019,SES.Quintile,SES.Decile
10001,1573,1618,1616,1765,1671,3,5
10003,4553,4678,4882,4962,4913,4,8
10005,2456,2578,2680,2706,2718,3,6
1001,523,520,528,536,545,3,5
1003,2092,1974,2189,2357,2283,3,6
1005,295,256,320,312,334,1,1
1007,238,239,271,276,264,1,1
1009,613,697,712,689,718,1,2
1011,120,133,125,112,118,1,1
1013,255,275,239,296,244,1,1
1015,1484,1404,1523,1590,1414,1,2
1017,438,460,450,420,425,1,1
1019,345,361,346,348,383,1,1
1021,529,475,520,510,494,1,1
1023,183,180,177,191,183,1,1
1025,275,315,282,317,352,1,1
1027,190,177,164,184,191,1,1
1029,205,191,194,173,211,1,1
1031,502,508,526,592,568,2,3
1033,747,707,692,783,759,1,2
1035,190,153,174,179,204,1,1
1037,151,160,134,148,138,1,2
1039,546,503,555,574,552,1,1
1041,178,191,184,178,193,1,1
1043,1007,1012,1057,1087,1092,1,2
1045,511,550,537,536,551,1,2
1047,544,571,521,566,461,1,1
1049,827,792,815,844,845,1,1
1051,761,799,816,811,803,3,5
1053,486,522,478,473,478,1,1
1055,1435,1389,1406,1460,1396,1,2
1057,228,249,237,234,217,1,1
1059,382,376,364,371,381,1,1
1061,350,379,364,395,354,1,1
1063,114,104,124,112,92,1,1
1065,171,189,209,170,219,1,1
1067,227,215,236,221,223,1,2
1069,1085,1112,1186,1133,1162,1,2
1071,719,736,714,708,728,1,1
1073,7182,7137,7314,7451,7237,3,5
1075,202,205,216,154,196,1,1
1077,1104,1161,1100,1149,1135,2,3
1079,420,400,397,432,422,1,1
1081,1016,1007,1111,1115,1219,2,4
1083,776,727,848,890,856,2,3
1085,129,148,134,140,146,1,1
1087,231,259,218,268,263,1,1
1089,3020,3282,3189,3352,3360,4,8
1091,252,270,282,301,272,1,1
1093,441,388,419,423,443,1,1
1095,1114,1187,1133,1192,1129,1,2
1097,4285,4411,4301,4493,4574,1,2
1099,268,237,294,298,247,1,1
11001,4871,5037,4965,5008,4927,5,9
1101,2168,2150,2157,2102,2124,2,3
1103,1330,1318,1393,1362,1458,1,2
1105,121,129,142,116,126,1,1
1107,268,250,206,233,291,1,1
1109,302,302,337,321,334,1,1
1111,314,295,345,292,301,1,1
1113,651,657,665,595,635,1,1
1115,904,975,942,978,965,2,3
1117,1350,1490,1471,1551,1635,5,9
1119,158,164,146,166,166,1,1
1121,1010,1018,1050,1015,1001,1,1
1123,452,589,571,534,595,1,1
1125,1761,1763,1736,1849,1738,2,4
1127,1055,1012,1086,1028,993,1,1
1129,230,212,183,189,205,1,1
1131,145,125,146,170,150,1,1
1133,304,324,337,307,317,1,1
12001,1900,1946,1940,2033,2008,3,5
12003,241,247,270,284,263,2,3
12005,1866,1924,2060,2009,1872,2,4
12007,301,314,344,335,310,1,1
12009,6958,7315,7611,7611,7612,3,6
12011,14641,15282,15443,15156,15236,3,6
12013,167,184,187,200,165,1,1
12015,2593,2564,2741,2727,2745,2,4
12017,2545,2503,2584,2760,2644,1,2
12019,1717,1748,1827,1846,1939,3,6
12021,3150,3273,3519,3537,3599,4,7
12023,753,772,853,836,830,1,1
12027,345,334,377,391,355,1,1
12029,228,204,241,235,227,1,1
12031,7831,8064,8562,8676,8779,3,5
12033,3312,3303,3409,3505,3731,2,4
12035,1224,1280,1340,1414,1522,3,6
12037,128,145,115,126,157,1,2
12039,467,464,450,509,483,1,1
12041,204,162,213,230,197,1,1
12043,134,120,115,133,135,1,1
12045,172,183,194,197,186,1,2
12047,145,130,176,148,165,1,1
12049,200,229,224,219,240,1,1
12051,276,311,294,353,328,1,1
12053,2601,2734,2785,2864,2855,2,3
12055,1423,1574,1699,1596,1667,1,1
12057,10324,10640,10605,10973,10992,3,6
12059,270,259,245,294,318,1,1
12061,1971,2076,1986,2115,2201,2,4
12063,630,610,641,668,634,1,1
12065,156,191,175,159,167,1,2
12067,69,75,96,85,81,1,1
12069,3986,4110,4364,4364,4578,3,5
12071,6858,6949,7500,7350,7534,3,5
12073,1761,1802,2011,1938,2043,3,6
12075,553,560,563,550,552,1,1
12077,59,59,73,93,70,1,1
12079,237,231,198,245,247,1,1
12081,3845,4055,4041,4180,4362,3,5
12083,4796,5097,5115,5304,5352,1,2
12085,1883,1994,2002,1938,1969,3,6
12086,19542,20277,20703,20108,20044,2,4
12087,781,747,760,705,661,4,8
12089,831,839,937,946,935,3,6
12091,1844,1737,1860,1919,1882,3,6
12093,420,469,497,471,481,1,1
12095,7693,7960,8217,8600,8418,3,6
12097,2079,2169,2412,2460,2533,2,3
12099,14460,14656,14999,14716,14843,3,6
12101,5885,6030,6194,6481,6546,3,5
12103,11662,11843,12079,12195,12181,3,6
12105,6663,6699,6966,7182,7373,1,2
12107,965,962,1025,1086,994,1,1
12109,1884,1922,2018,2078,2115,5,9
12111,3093,3222,3266,3336,3505,2,4
12113,1348,1445,1527,1693,1679,3,6
12115,5511,5689,5644,5865,5991,4,7
12117,3360,3433,3602,3574,3544,4,8
12119,1703,1848,1927,2010,2086,3,6
12121,573,559,611,559,580,1,1
12123,258,281,238,286,262,1,1
12125,257,233,240,249,251,1,1
12127,6886,7006,7448,7343,7401,2,4
12129,252,304,284,288,298,2,3
12131,575,635,668,743,674,3,5
12133,292,331,326,347,375,1,1
13001,220,192,215,220,211,1,1
13003,81,84,86,75,99,1,1
13005,134,137,146,138,123,1,1
13007,32,44,36,29,29,1,1
13009,426,455,494,487,467,1,1
13011,188,148,187,193,186,1,1
13013,585,556,654,662,664,2,4
13015,832,919,851,985,993,2,3
13017,236,217,216,234,248,1,1
13019,213,231,214,241,240,1,1
13021,1746,1686,1681,1741,1804,1,1
13023,154,147,151,132,128,1,1
13025,181,198,212,204,214,1,1
13027,191,195,206,208,216,1,1
13029,268,271,289,292,278,4,7
13031,527,539,560,516,555,1,1
13033,251,246,222,255,233,1,1
13035,241,276,261,316,267,1,2
13037,68,60,71,66,58,1,1
13039,330,362,378,375,403,1,1
13043,166,149,143,133,119,1,1
13045,1076,1083,1145,1103,1124,1,2
13047,675,681,654,664,655,2,4
13049,110,85,107,143,126,1,1
13051,2387,2493,2427,2468,2549,3,5
13053,39,38,38,41,36,1,1
13055,317,330,329,354,317,1,1
13057,1466,1500,1574,1644,1690,5,9
13059,750,764,766,815,736,1,2
13061,27,52,45,37,57,1,1
13063,1589,1655,1788,1809,1750,1,2
13065,77,93,92,71,91,1,1
13067,4258,4298,4410,4509,4575,5,9
13069,412,437,412,438,425,1,1
13071,485,468,509,517,479,1,1
13073,836,923,960,1017,996,4,8
13075,221,157,202,208,181,1,1
13077,972,1070,1048,1085,1103,4,7
13079,95,139,140,135,140,1,1
13081,239,246,261,267,281,1,1
13083,197,180,200,191,187,1,1
13085,235,205,261,264,237,3,5
13087,299,316,349,336,310,1,1
13089,4335,4394,4636,4735,4695,4,7
13091,244,246,213,193,263,1,1
13093,135,129,112,120,129,1,1
13095,973,940,937,965,1006,1,1
13097,975,971,974,975,1040,3,5
13099,124,131,153,138,148,1,1
13101,29,30,21,18,27,1,1
13103,402,447,493,474,480,3,5
13105,252,260,256,274,260,1,1
13107,262,293,326,291,311,1,1
13109,135,104,118,123,111,1,1
13111,323,350,351,342,354,2,3
13113,894,863,842,912,911,5,10
13115,1090,1092,1080,1159,1189,1,1
13117,1149,1120,1119,1193,1223,5,10
13119,291,294,300,331,304,1,1
13121,6470,6535,6755,6746,6894,4,8
13123,322,337,365,349,378,1,2
13125,30,50,41,42,36,1,1
13127,837,868,940,904,883,2,3
13129,528,526,541,592,610,1,1
13131,231,274,267,269,267,1,1
13133,186,191,226,209,209,1,2
13135,4146,4258,4261,4475,4427,4,8
13137,462,480,484,451,479,1,2
13139,1491,1495,1533,1560,1592,2,3
13141,115,109,114,101,115,1,1
13143,380,389,370,364,325,1,2
13145,271,253,301,278,324,4,7
13147,314,315,272,313,296,1,2
13149,135,148,118,144,128,1,2
13151,1509,1461,1567,1657,1626,4,7
13153,1117,1181,1207,1230,1278,3,5
13155,107,114,118,123,112,1,1
13157,608,618,612,614,615,2,4
13159,130,137,153,158,133,1,2
13161,176,182,167,157,163,1,1
13163,230,208,224,236,223,1,1
13165,101,102,106,109,100,1,1
13167,90,105,108,107,126,1,1
13169,232,252,260,268,262,2,3
13171,206,215,195,245,196,1,2
13173,95,88,82,108,101,1,1
13175,525,566,589,552,603,1,1
13177,204,201,249,227,253,3,5
13179,361,369,370,417,365,1,2
13181,92,95,95,91,98,1,1
13183,114,91,87,108,96,1,2
13185,817,908,893,999,947,1,1
13187,282,265,327,288,299,2,3
13189,241,225,272,242,268,1,1
13191,140,134,127,150,138,2,3
13193,155,156,177,147,164,1,1
13195,262,292,255,347,317,1,2
13197,76,76,92,91,93,1,1
13199,277,296,268,262,294,1,1
13201,102,89,81,96,93,1,1
13205,257,230,292,273,273,1,1
13207,273,282,294,314,259,1,2
13209,90,79,90,102,105,1,1
13211,188,185,190,202,183,3,5
13213,347,406,372,381,393,1,1
13215,1883,2094,1954,2014,2048,1,2
13217,830,808,922,871,972,2,3
13219,232,240,261,278,299,5,10
13221,163,144,151,144,158,1,2
13223,846,877,960,958,1016,3,6
13225,293,339,297,328,311,1,1
13227,305,359,345,331,353,3,5
13229,199,217,193,228,240,1,1
13231,177,186,177,198,211,1,2
13233,477,506,506,468,530,1,1
13235,126,129,111,105,127,1,1
13237,268,250,209,255,245,1,2
13239,25,18,38,38,52,1,1
13241,227,223,211,188,233,1,2
13243,87,93,94,91,95,1,1
13245,2073,2031,2023,2063,2116,1,1
13247,649,706,728,773,797,3,5
13249,41,30,43,36,44,1,1
13251,179,143,170,176,168,1,1
13253,121,148,125,143,125,1,1
13255,721,759,784,799,743,1,2
13257,361,362,370,381,396,1,1
13259,60,62,69,70,65,1,1
13261,361,373,416,367,341,1,1
13263,88,80,81,93,92,1,1
13265,31,20,15,31,33,1,1
13267,265,247,262,235,256,1,1
13269,90,102,108,105,101,1,1
13271,144,158,158,147,149,1,1
13273,110,102,114,133,114,1,1
13275,509,517,535,537,587,1,2
13277,399,420,430,467,470,1,1
13279,339,317,322,292,326,1,1
13281,165,194,197,194,172,2,4
13283,68,72,93,81,75,1,1
13285,701,725,699,741,709,1,1
13287,125,111,121,115,147,1,1
13289,134,105,91,140,109,1,1
13291,317,295,349,337,293,2,4
13293,365,354,350,421,414,1,1
13295,833,884,840,870,847,1,2
13297,844,857,806,968,883,3,5
13299,462,449,462,491,493,1,1
13301,95,79,75,80,74,1,1
13303,228,253,219,224,247,1,1
13305,328,354,370,373,347,1,1
13307,19,29,22,32,30,1,1
13309,69,57,62,70,65,1,1
13311,304,268,277,302,337,2,4
13313,841,848,858,859,937,1,1
13315,104,106,106,81,104,1,1
13317,149,143,133,151,150,1,1
13319,126,140,119,117,117,1,1
13321,219,220,239,253,281,1,1
15001,1717,1705,1823,1746,1825,2,4
15003,7590,7577,7823,7933,7844,5,9
15007,570,555,595,572,620,4,8
15009,1176,1076,1149,1164,1270,3,6
16001,2894,2994,3232,3144,3281,4,8
16003,34,40,52,44,40,1,2
16005,675,716,743,796,730,2,4
16007,46,56,74,65,54,2,3
16009,141,132,131,108,136,1,1
16011,370,396,391,418,379,2,3
16013,113,107,116,101,135,4,7
16015,51,54,53,57,64,2,4
16017,444,445,463,440,482,2,3
16019,816,875,916,947,948,3,6
16021,101,112,120,119,113,2,3
16023,25,25,31,38,31,1,2
16025,4,7,14,13,13,1,1
16027,1476,1498,1573,1649,1618,2,3
16029,59,63,87,60,68,2,3
16031,213,185,206,213,214,1,2
16033,7,6,7,5,6,1,2
16035,114,116,117,100,95,1,1
16037,48,41,48,55,46,1,2
16039,192,211,189,215,216,1,2
16041,87,96,120,126,100,2,3
16043,126,104,109,100,106,3,6
16045,208,213,212,231,210,1,2
16047,124,154,150,133,130,1,1
16049,184,193,177,208,192,2,4
16051,172,174,169,181,170,3,6
16053,156,190,164,157,174,1,2
16055,1328,1387,1464,1572,1616,3,6
16057,206,242,216,220,200,3,6
16059,113,89,103,118,111,1,2
16061,35,44,50,51,52,2,4
16063,41,32,29,55,41,1,2
16065,136,113,140,173,171,1,2
16067,171,153,182,210,222,1,1
16069,513,513,526,506,509,2,4
16071,42,33,41,55,45,1,2
16073,100,96,97,103,109,2,3
16075,229,199,239,239,259,1,2
16077,63,70,55,59,67,1,2
16079,167,190,202,167,190,1,1
16081,42,46,40,46,61,3,6
16083,749,765,750,790,804,2,3
16085,94,86,80,65,77,2,4
16087,117,105,133,109,145,1,2
17001,832,773,814,871,786,2,3
17003,97,101,96,86,111,1,1
17005,192,183,174,163,179,2,3
17007,398,408,431,479,396,2,3
17009,47,58,71,57,54,1,2
17011,377,447,388,391,432,1,2
17013,50,50,51,50,62,2,3
17015,193,177,194,191,185,1,2
17017,145,159,138,136,148,1,1
17019,1255,1311,1366,1365,1391,2,4
17021,448,415,409,429,449,1,2
17023,211,179,185,207,205,1,2
17025,197,181,155,182,156,1,1
17027,376,342,382,353,341,3,5
17029,558,524,464,520,529,1,2
17031,40313,40899,41286,41133,40848,3,5
17033,242,254,225,219,199,1,2
17035,125,109,127,111,111,1,2
17037,701,700,759,752,745,2,4
17039,196,189,203,203,221,1,2
17041,200,181,232,191,184,1,1
17043,6092,6329,6301,6441,6395,5,10
17045,255,227,228,235,249,1,2
17047,70,73,82,70,81,1,1
17049,405,303,363,397,370,2,3
17051,256,223,227,230,227,1,1
17053,190,209,203,209,175,1,2
17055,561,518,514,493,533,1,1
17057,466,479,467,487,498,1,1
17059,74,70,85,86,73,1,1
17061,163,190,164,160,152,1,1
17063,396,396,428,415,451,3,6
17065,94,98,117,101,111,1,1
17067,167,220,222,205,204,1,2
17069,54,74,80,64,58,1,1
17071,80,86,88,96,89,1,2
17073,559,561,523,533,539,2,3
17075,393,406,386,404,365,1,2
17077,470,450,499,520,485,1,1
17079,98,113,100,96,97,1,2
17081,434,407,471,476,463,1,1
17083,239,272,303,275,296,2,3
17085,238,258,259,235,226,2,4
17087,114,121,149,151,130,1,2
17089,3142,3165,3351,3405,3323,3,6
17091,1108,1180,1225,1152,1142,2,3
17093,587,560,561,598,644,5,9
17095,705,681,669,681,701,1,1
17097,4557,4503,4692,4776,4835,4,8
17099,1354,1296,1353,1342,1329,1,2
17101,223,213,194,210,192,1,1
17103,365,366,392,380,402,2,3
17105,432,430,457,472,449,1,2
17107,358,363,331,377,335,2,3
17109,326,320,316,316,336,1,2
17111,2057,2066,2194,2224,2148,4,8
17113,1194,1134,1217,1281,1226,3,6
17115,1249,1215,1256,1270,1285,1,2
17117,545,604,574,556,554,1,2
17119,2816,2772,2944,3015,2964,2,4
17121,561,538,534,549,486,1,1
17123,167,156,184,169,154,2,3
17125,180,184,204,191,190,1,1
17127,221,215,218,206,192,1,2
17129,118,129,139,121,117,3,5
17131,184,189,202,218,182,2,3
17133,308,257,302,310,333,4,8
17135,364,368,354,356,380,1,2
17137,412,388,396,431,426,1,2
17139,198,194,172,191,212,1,2
17141,513,501,541,518,542,2,3
17143,1886,1842,1848,1853,1837,2,3
17145,251,233,237,242,237,1,1
17147,136,176,181,153,175,3,6
17149,210,209,216,188,213,1,1
17151,50,51,62,50,47,1,1
17153,106,72,67,85,90,1,1
17155,55,61,68,55,54,2,3
17157,387,387,370,378,361,1,2
17159,224,225,206,198,196,1,1
17161,1563,1618,1632,1638,1597,1,2
17163,2505,2486,2673,2722,2623,2,3
17165,374,369,396,363,368,1,1
17167,2009,1898,2059,2021,2001,3,5
17169,96,99,90,117,75,1,2
17171,63,63,65,48,66,1,1
17173,263,228,227,246,264,1,2
17175,92,67,74,88,66,2,3
17177,540,564,575,554,568,1,2
17179,1496,1383,1404,1447,1410,3,5
17181,233,213,226,227,245,1,1
17183,1022,955,1008,972,997,1,1
17185,136,152,127,113,134,1,2
17187,192,177,178,200,197,1,2
17189,157,174,139,159,134,2,4
17191,193,196,204,202,224,1,1
17193,235,208,253,210,232,1,1
17195,649,656,716,707,666,1,2
17197,4332,4501,4775,4812,4823,4,8
17199,738,778,806,758,719,1,2
17201,3002,2892,3056,3061,3004,1,2
17203,412,377,402,372,395,4,7
18001,306,323,313,308,332,1,1
18003,3165,3348,3366,3503,3438,2,4
18005,754,748,765,751,769,3,6
18007,96,77,74,98,86,2,3
18009,168,154,182,155,137,1,2
18011,528,546,515,555,541,5,10
18013,166,161,163,159,160,4,7
18015,183,196,199,203,166,2,3
18017,419,411,430,435,427,1,1
18019,1283,1232,1334,1274,1227,3,5
18021,330,312,316,321,277,1,2
18023,411,363,402,365,336,1,2
18025,117,118,128,133,127,1,1
18027,325,342,325,363,340,1,1
18029,492,504,515,515,492,3,6
18031,265,290,283,304,307,2,4
18033,410,429,427,452,425,2,3
18035,1190,1327,1340,1379,1368,1,2
18037,409,410,416,419,432,3,5
18039,1677,1789,1748,1735,1751,2,3
18041,327,314,355,349,311,1,2
18043,754,789,803,846,881,3,6
18045,217,214,189,219,250,1,2
18047,216,208,214,205,233,2,4
18049,249,232,243,259,241,1,2
18051,344,380,389,403,334,2,3
18053,866,811,838,883,885,1,2
18055,353,405,411,401,404,1,2
18057,1534,1689,1818,1874,1892,5,10
18059,668,680,658,655,701,4,8
18061,390,418,450,369,439,2,4
18063,1117,1127,1267,1264,1261,5,9
18065,601,579,671,576,604,1,2
18067,1052,1070,1031,1097,1123,1,2
18069,404,457,412,382,438,2,4
18071,489,453,504,472,531,1,2
18073,323,321,323,346,333,2,4
18075,233,231,268,223,226,1,1
18077,383,354,409,384,376,1,2
18079,302,315,293,321,324,1,2
18081,1341,1305,1353,1394,1408,4,8
18083,478,423,414,452,480,1,2
18085,742,656,719,750,770,2,4
18087,277,244,283,304,294,1,1
18089,4864,4837,5201,5036,5253,2,3
18091,1234,1266,1224,1226,1247,1,2
18093,533,551,565,558,574,1,2
18095,1505,1498,1531,1564,1560,1,2
18097,8004,8263,8489,8293,8260,2,3
18099,442,483,479,465,449,1,2
18101,104,112,88,136,109,1,2
18103,411,385,402,377,382,1,2
18105,952,1009,977,987,993,3,5
18107,386,404,430,443,414,2,3
18109,686,649,711,789,735,2,4
18111,147,163,164,170,172,1,2
18113,416,455,458,446,529,1,2
18115,64,65,73,67,67,1,2
18117,250,246,230,215,251,1,1
18119,230,249,244,225,256,1,2
18121,140,171,153,163,158,1,1
18123,194,218,225,223,231,1,2
18125,181,166,147,136,161,1,2
18127,1482,1395,1573,1621,1573,4,7
18129,266,230,244,252,265,3,5
18131,162,145,154,154,188,1,2
18133,362,365,384,348,382,2,4
18135,281,277,331,348,319,1,2
18137,292,297,338,325,287,1,2
18139,203,208,200,192,203,1,2
18141,2678,2687,2744,2781,2822,2,4
18143,292,330,352,317,337,1,2
18145,435,482,500,470,471,2,4
18147,188,227,203,202,222,2,3
18149,277,258,270,279,284,1,2
18151,327,335,328,315,338,3,5
18153,263,232,224,242,215,1,2
18155,111,90,119,114,108,1,2
18157,1186,1215,1285,1290,1221,3,5
18159,164,199,151,190,181,3,5
18161,66,79,82,72,81,1,2
18163,2033,1936,1987,2033,2090,2,4
18165,225,196,211,207,210,1,2
18167,1158,1154,1206,1182,1177,1,2
18169,417,456,458,431,514,2,3
18171,83,101,75,69,91,2,3
18173,547,568,606,669,619,4,8
18175,339,323,322,306,314,1,1
18177,887,863,930,959,881,1,2
18179,302,278,341,323,290,3,5
18181,293,297,301,304,298,2,3
18183,297,305,331,324,342,2,4
19001,117,105,106,85,104,1,2
19003,53,47,47,38,37,1,2
19005,186,152,187,174,193,1,2
19007,204,156,154,181,172,1,1
19009,77,95,91,82,90,2,3
19011,236,223,256,280,239,3,5
19013,1134,1240,1269,1276,1285,2,4
19015,289,299,297,298,310,3,6
19017,238,218,241,230,239,4,7
19019,188,196,234,219,203,3,5
19021,190,192,173,179,159,1,2
19023,177,190,194,196,208,2,4
19025,147,144,135,123,143,2,4
19027,258,230,265,222,224,3,5
19029,207,191,202,213,194,2,3
19031,180,199,165,171,190,3,6
19033,509,539,519,515,554,2,4
19035,169,175,144,166,164,2,4
19037,129,136,135,135,148,2,4
19039,104,110,104,119,124,1,2
19041,212,170,178,178,210,2,4
19043,199,193,208,198,205,2,3
19045,566,577,584,580,542,2,3
19047,180,165,201,159,168,1,1
19049,422,487,481,545,509,5,10
19051,95,94,80,97,95,1,1
19053,78,86,97,93,81,1,2
19055,170,170,172,177,183,2,4
19057,450,478,430,476,506,1,2
19059,208,190,223,202,202,4,8
19061,905,867,940,931,942,3,6
19063,131,121,137,123,119,2,4
19065,272,256,253,255,236,2,3
19067,200,170,200,180,146,2,3
19069,108,140,135,119,118,2,3
19071,115,86,96,79,106,2,3
19073,123,138,120,123,106,3,5
19075,123,144,149,159,156,4,7
19077,136,97,145,108,135,3,5
19079,163,168,185,194,181,3,5
19081,121,118,120,135,103,3,5
19083,233,209,229,202,229,2,4
19085,207,171,162,193,201,2,4
19087,215,215,223,203,227,2,3
19089,107,103,117,135,131,2,3
19091,108,112,124,108,128,2,4
19093,85,103,110,112,108,2,4
19095,194,174,183,181,229,3,5
19097,234,187,239,236,231,2,3
19099,393,363,423,396,391,2,4
19101,155,170,192,178,177,2,3
19103,695,786,681,754,783,4,8
19105,213,189,186,202,217,3,5
19107,110,122,133,111,124,2,3
19109,206,174,180,166,191,2,4
19111,444,437,435,409,474,1,2
19113,1743,1806,1804,1836,1819,4,7
19115,111,109,117,104,122,1,2
19117,121,111,115,111,110,1,2
19119,116,97,122,121,100,3,6
19121,159,157,142,166,144,3,6
19123,210,253,253,223,267,2,3
19125,336,334,358,326,370,3,6
19127,492,472,468,515,470,1,2
19129,129,117,143,134,151,3,6
19131,131,125,155,139,147,2,3
19133,147,143,139,142,144,2,4
19135,101,117,114,97,90,1,2
19137,155,125,154,157,164,2,3
19139,408,418,412,426,428,2,4
19141,208,199,193,212,194,2,3
19143,76,86,64,65,73,2,3
19145,205,213,196,201,200,2,3
19147,128,116,138,126,148,2,4
19149,221,241,274,247,243,3,6
19151,100,100,97,102,95,2,4
19153,3422,3489,3739,3563,3829,4,8
19155,949,938,956,921,1011,3,5
19157,224,214,223,206,225,3,5
19159,82,84,78,81,88,2,3
19161,143,132,146,141,133,2,4
19163,1480,1516,1591,1602,1530,3,6
19165,175,143,149,150,146,3,6
19167,250,262,256,247,231,4,7
19169,505,551,562,562,571,4,7
19171,214,196,199,238,206,2,3
19173,74,71,97,74,71,2,3
19175,148,151,139,155,140,1,2
19177,86,98,91,107,100,1,1
19179,413,392,401,454,431,1,2
19181,390,421,450,453,439,4,8
19183,251,242,263,255,236,3,5
19185,99,78,82,88,92,1,2
19187,437,435,440,440,436,2,3
19189,130,128,115,136,144,2,3
19191,190,201,199,189,191,4,7
19193,1009,928,992,988,1009,2,4
19195,91,103,67,88,78,2,3
19197,173,159,168,180,181,2,3
20001,173,154,166,155,170,1,2
20003,95,113,118,103,100,1,2
20005,195,191,161,185,164,2,3
20007,69,50,71,59,59,1,2
20009,296,293,293,314,294,1,2
20011,209,192,219,192,167,1,2
20013,97,118,143,161,143,2,3
20015,642,641,638,684,664,3,6
20017,29,45,30,44,24,1,2
20019,55,60,51,56,49,1,2
20021,244,247,286,284,320,1,2
20023,37,37,30,42,41,2,4
20025,39,30,32,29,31,1,2
20027,111,102,88,112,91,2,3
20029,150,146,135,148,135,2,3
20031,106,97,95,100,111,2,3
20033,37,29,30,27,32,1,2
20035,461,435,407,442,485,1,2
20037,439,433,449,426,436,1,2
20039,42,48,52,47,53,2,4
20041,258,240,237,223,238,2,3
20043,87,78,102,99,87,2,3
20045,723,649,798,803,707,4,7
20047,39,32,53,42,51,2,3
20049,44,40,52,48,32,1,2
20051,261,258,254,235,227,3,5
20053,103,86,98,82,61,2,4
20055,228,212,219,226,254,1,2
20057,239,241,259,241,267,1,1
20059,266,297,272,261,282,2,4
20061,218,230,207,200,222,3,5
20063,37,41,31,23,37,2,4
20065,35,33,49,40,29,2,4
20067,53,51,65,62,63,1,1
20069,55,68,39,53,60,2,3
20071,29,23,28,21,24,2,3
20073,104,109,116,85,93,1,2
20075,31,19,28,20,26,2,3
20077,104,84,93,92,96,1,2
20079,398,410,402,436,418,3,5
20081,30,29,30,34,29,2,3
20083,23,24,26,26,34,2,3
20085,157,125,165,141,124,2,3
20087,195,178,211,169,182,3,6
20089,36,35,33,52,34,2,3
20091,3873,3748,3988,4124,4361,5,10
20093,36,35,25,33,37,2,3
20095,110,142,202,204,135,3,5
20097,18,20,32,40,32,3,5
20099,254,285,259,255,293,1,2
20101,29,33,31,30,28,3,5
20103,613,656,605,639,677,4,7
20105,37,39,35,35,38,2,3
20107,103,117,113,121,110,1,2
20109,35,22,42,42,28,3,5
20111,299,252,299,307,295,1,2
20113,381,354,388,361,370,3,5
20115,185,168,165,157,181,2,4
20117,120,129,142,146,144,3,5
20119,48,53,60,57,41,2,3
20121,320,303,334,273,286,4,8
20123,83,67,95,94,95,2,3
20125,453,457,457,462,401,1,1
20127,89,82,76,75,77,2,4
20129,40,31,32,38,53,2,3
2013,8,12,5,9,4,1,1
20131,118,118,140,139,146,3,5
20133,190,202,195,227,204,1,2
20135,47,43,58,43,48,2,4
20137,62,80,59,57,84,2,4
20139,224,188,194,180,185,2,3
20141,78,66,64,50,50,2,3
20143,77,86,83,53,73,2,3
20145,76,85,99,95,81,2,3
20147,70,70,76,77,81,2,4
20149,193,165,178,176,170,4,7
20151,119,128,106,133,117,3,5
20153,43,42,39,44,42,2,4
20155,741,721,771,706,744,2,3
20157,88,81,96,77,82,2,3
20159,121,115,131,124,125,2,3
2016,19,22,13,10,13,1,1
20161,340,378,369,411,385,3,5
20163,62,66,67,72,74,2,4
20165,54,67,58,69,58,2,4
20167,85,81,95,106,99,2,3
20169,539,517,613,558,597,2,4
20171,41,55,51,52,59,3,5
20173,4449,4509,4431,4579,4688,2,4
20175,128,134,116,138,135,1,1
20177,1891,1874,1886,2054,1957,3,5
20179,32,30,24,32,30,2,4
20181,82,66,64,68,71,3,5
20183,52,70,58,54,57,2,3
20185,66,40,69,62,65,2,3
20187,17,22,21,24,20,2,3
20189,53,45,56,42,46,1,1
20191,258,247,266,289,266,2,4
20193,88,69,67,89,95,3,5
20195,49,55,42,41,38,2,4
20197,68,68,48,77,63,4,7
20199,23,16,13,17,13,2,3
2020,1658,1724,1742,1698,1840,4,8
20201,79,75,69,79,60,2,3
20203,25,22,25,26,17,2,3
20205,115,102,118,121,109,1,1
20207,53,52,42,52,40,1,1
20209,1363,1349,1365,1427,1480,1,1
2050,113,122,120,123,130,1,1
2060,10,7,7,8,7,1,1
2068,7,10,9,15,7,1,1
2070,42,31,36,36,48,1,1
2090,472,514,479,471,472,3,6
2100,13,14,13,17,10,3,5
21001,188,197,226,211,215,1,1
21003,229,244,255,250,248,1,1
21005,209,253,265,236,220,2,3
21007,101,119,111,108,107,1,2
21009,491,511,536,540,549,1,1
21011,151,152,155,163,157,1,1
21013,438,402,385,422,419,1,1
21015,893,871,972,912,1007,4,8
21017,220,235,224,253,250,1,2
21019,619,656,679,655,679,1,2
21021,310,341,335,353,381,2,3
21023,103,89,97,103,93,1,1
21025,185,200,184,219,187,1,1
21027,255,225,250,234,210,1,1
21029,614,665,679,656,675,3,5
21031,132,186,158,168,177,1,1
21033,168,151,150,175,189,1,1
21035,396,380,386,420,417,1,2
21037,832,909,861,884,911,4,7
21039,83,68,76,55,85,1,2
21041,168,139,123,140,145,1,1
21043,346,290,376,333,380,1,1
21045,198,214,186,188,208,1,1
21047,542,601,620,662,642,1,1
21049,419,422,387,481,428,2,3
2105,16,17,16,15,15,3,5
21051,264,297,259,291,273,1,1
21053,157,121,130,122,141,1,1
21055,132,133,122,136,135,1,2
21057,110,109,96,98,113,1,1
21059,1017,1096,1111,1091,1125,2,3
21061,147,145,162,144,148,1,1
21063,61,90,78,75,86,1,1
21065,205,188,226,203,185,1,1
21067,2355,2464,2482,2521,2421,3,6
21069,184,179,178,172,174,1,1
21071,554,556,565,516,573,1,1
21073,534,585,571,590,571,3,5
21075,78,93,113,94,108,1,1
21077,96,108,116,103,93,1,1
21079,168,160,217,195,183,1,2
21081,252,247,262,265,238,1,2
21083,426,494,444,460,510,1,1
21085,321,341,339,353,319,1,1
21087,160,147,140,155,160,1,1
21089,476,473,500,486,522,2,3
21091,86,77,89,83,103,2,3
21093,929,906,865,1013,997,2,4
21095,420,412,422,449,449,1,1
21097,230,220,226,236,238,1,1
21099,224,218,249,211,226,1,1
2110,204,203,182,181,189,5,9
21101,532,520,520,522,533,1,2
21103,185,172,210,182,196,1,2
21105,56,70,65,72,72,1,1
21107,641,649,620,581,582,1,1
21109,159,174,168,184,175,1,1
21111,7861,8149,8107,8113,8068,3,5
21113,488,455,517,462,504,2,4
21115,294,306,344,345,308,1,1
21117,1586,1506,1530,1577,1562,3,6
21119,192,228,197,216,188,1,1
21121,408,426,431,394,433,1,1
21123,152,172,177,175,182,1,2
21125,618,660,669,672,705,1,1
21127,197,210,215,242,213,1,1
21129,86,113,100,105,132,1,1
21131,145,165,150,173,190,1,1
21133,311,354,339,340,372,1,1
21135,168,186,198,192,184,1,1
21137,315,298,292,307,327,1,1
21139,126,137,136,129,124,1,2
21141,318,289,339,344,338,1,2
21143,137,115,112,125,117,1,2
21145,813,833,775,833,796,2,3
21147,218,213,252,230,232,1,1
21149,109,144,116,122,116,2,3
21151,774,753,837,825,833,2,3
21153,160,147,174,185,176,1,1
21155,192,222,224,227,217,1,1
21157,405,472,423,464,447,2,4
21159,142,151,139,156,135,1,1
21161,218,230,232,221,263,1,2
21163,257,245,273,290,274,2,3
21165,96,88,97,92,75,1,1
21167,277,284,246,331,295,1,2
21169,140,143,129,117,163,1,1
21171,170,152,168,144,148,1,1
21173,311,331,322,307,323,1,2
21175,155,149,130,160,149,1,1
21177,393,364,407,387,413,1,1
21179,405,442,458,454,459,2,4
21181,106,112,90,92,98,1,1
21183,290,311,284,298,286,1,1
21185,407,405,440,442,449,5,10
21187,118,118,117,122,131,1,2
21189,81,69,68,76,80,1,1
21191,166,147,156,179,182,1,2
21193,415,460,439,419,488,1,1
21195,827,814,778,841,846,1,1
21197,174,157,193,184,187,1,1
21199,809,871,864,821,826,1,1
21201,36,28,40,29,26,1,1
21203,194,188,186,235,225,1,1
21205,240,244,250,230,210,1,1
21207,234,274,268,234,252,1,1
21209,390,379,441,469,423,3,6
21211,338,405,339,447,377,3,6
21213,174,231,204,223,231,1,2
21215,151,161,148,146,154,3,5
21217,302,286,329,300,340,1,2
21219,124,152,153,140,132,1,1
2122,445,475,428,508,437,2,3
21221,162,167,175,170,182,1,2
21223,115,108,105,94,105,1,2
21225,178,202,172,178,158,1,1
21227,1006,1015,1052,1064,1083,2,4
21229,142,158,133,143,144,1,2
21231,236,240,268,216,257,1,1
21233,184,171,178,158,152,1,1
21235,519,497,516,528,472,1,1
21237,109,115,95,108,127,1,1
21239,251,246,255,241,278,3,6
2130,81,87,108,98,108,2,4
2150,59,51,64,65,71,3,6
2164,16,17,12,7,12,1,1
2170,581,608,597,619,651,2,4
2180,54,88,80,65,84,1,1
2185,65,61,47,46,55,1,1
2188,48,56,53,64,58,1,1
2195,27,23,24,24,26,2,4
2198,42,63,62,51,55,2,4
22001,645,616,648,675,717,1,1
22003,250,270,290,257,277,1,1
22005,662,762,751,819,722,4,7
22007,235,199,251,208,236,1,1
22009,457,487,490,515,503,1,1
22011,344,407,415,390,364,1,2
22013,197,207,175,194,209,1,1
22015,1062,1034,1077,1091,1139,3,5
22017,2777,2736,2808,2819,2739,1,2
22019,2025,2029,2142,2012,2098,1,2
22021,131,109,141,132,129,1,1
22023,53,47,50,52,53,1,2
22025,152,147,121,122,94,1,1
22027,193,190,200,182,200,1,1
22029,275,247,240,259,241,1,1
22031,300,308,307,299,321,1,1
22033,3835,3854,3893,3985,3924,3,5
22035,84,82,80,98,92,1,1
22037,221,267,262,238,276,1,1
22039,382,374,376,392,396,1,1
22041,297,281,249,286,244,1,1
22043,210,204,233,249,213,1,1
22045,749,731,750,791,740,1,1
22047,349,350,334,336,330,1,2
22049,198,197,181,198,188,1,1
22051,4043,4181,4379,4303,4381,2,4
22053,353,377,420,387,416,1,1
22055,1753,1700,1840,1855,1853,3,5
22057,877,862,958,908,928,1,2
22059,167,161,177,171,163,1,1
22061,384,366,415,379,417,1,1
22063,1099,1079,1035,1173,1105,3,5
22065,131,131,143,119,144,1,1
22067,378,338,393,369,393,1,1
22069,410,435,413,386,426,1,1
22071,3196,3273,3418,3373,3431,1,2
22073,1525,1617,1557,1698,1620,1,2
22075,176,176,201,176,201,2,3
22077,253,260,258,257,275,1,1
22079,1441,1480,1551,1508,1534,1,2
22081,116,100,117,120,93,1,1
22083,236,216,245,249,228,1,1
22085,287,254,309,281,280,1,1
22087,358,378,372,402,363,1,1
22089,390,407,429,432,466,3,6
22091,119,137,130,111,132,1,1
22093,177,227,218,199,202,1,2
22095,382,412,422,441,426,1,2
22097,1001,998,986,1044,1071,1,1
22099,475,507,483,545,499,1,1
22101,585,544,573,583,561,1,1
22103,2111,2122,2283,2382,2391,4,8
22105,1167,1282,1312,1267,1300,1,2
22107,44,72,52,58,71,1,1
22109,1021,976,1121,1072,1054,1,1
22111,256,276,298,280,280,1,1
22113,564,566,575,618,598,1,2
22115,378,428,428,457,411,1,2
22117,593,602,605,620,644,1,1
22119,513,554,559,540,477,1,1
22121,233,205,202,216,207,3,5
22123,139,167,132,147,132,1,1
22125,132,130,152,146,131,2,3
22127,170,175,179,177,189,1,1
2220,69,57,59,70,53,3,5
2230,6,3,8,6,3,3,5
2240,46,47,48,42,55,2,4
2261,66,54,46,68,67,2,4
2270,60,54,70,56,67,1,1
2275,24,16,24,25,19,2,4
2282,4,3,1,3,9,3,5
2290,61,55,58,53,48,1,1
23001,1136,1143,1162,1194,1301,2,4
23003,936,886,875,858,877,1,2
23005,2707,2631,2745,2772,2821,5,9
23007,344,337,351,372,355,2,3
23009,621,575,660,603,660,3,6
23011,1377,1263,1365,1365,1357,3,5
23013,539,487,506,503,502,4,7
23015,386,436,435,421,397,3,6
23017,644,671,674,709,701,1,2
23019,1643,1657,1636,1737,1725,2,4
23021,242,235,264,248,250,1,1
23023,387,374,358,365,362,4,8
23025,604,665,626,588,634,1,2
23027,404,367,474,409,452,2,4
23029,439,443,433,449,415,1,1
23031,2070,2012,2112,2122,2256,4,8
24001,951,938,937,869,912,1,1
24003,4089,4373,4444,4607,4529,5,10
24005,8128,8442,8487,8519,8503,4,8
24009,659,721,701,676,780,5,9
24011,329,337,355,357,316,1,2
24013,1527,1601,1615,1676,1651,5,9
24015,940,939,1034,1008,1094,3,6
24017,992,1080,1082,1142,1226,5,9
24019,395,405,434,410,415,1,2
24021,1753,1954,1853,1868,1954,5,9
24023,333,331,339,347,358,1,2
24025,2076,2186,2183,2250,2209,4,8
24027,1649,1596,1655,1782,1819,5,10
24029,247,258,270,281,263,3,5
24031,6179,6023,6420,6419,6205,5,9
24033,5576,5961,6288,6133,6431,5,9
24035,392,429,429,451,475,5,9
24037,784,757,850,876,868,4,8
24039,244,256,312,279,266,1,1
24041,461,397,439,468,513,4,8
24043,1513,1528,1575,1708,1693,2,3
24045,908,1014,993,1043,1050,2,3
24047,648,649,644,646,628,3,5
24510,6474,6649,6587,6753,6642,1,2
25001,2986,2938,2992,3047,3015,5,9
25003,1564,1445,1619,1581,1582,3,5
25005,5349,5320,5659,5529,5502,3,5
25007,156,156,142,170,144,5,10
25009,6920,6692,7045,7142,7156,4,8
25011,720,719,720,723,707,3,6
25013,4532,4441,4716,4777,4635,2,3
25015,1242,1225,1297,1340,1351,4,8
25017,11549,11476,11639,11784,11686,5,10
25019,71,71,72,77,64,5,10
25021,5946,5873,5913,5882,5908,5,10
25023,4606,4741,4677,4815,4862,5,9
25025,4846,4778,4908,4734,4751,4,8
25027,7319,7086,7404,7551,7267,4,7
26001,205,179,184,176,189,1,1
26003,128,108,105,120,109,1,2
26005,1013,1025,1009,1017,1083,3,5
26007,403,372,404,395,371,1,2
26009,290,261,260,281,268,2,4
26011,188,228,225,188,200,1,1
26013,97,105,112,105,123,2,4
26015,563,573,529,618,565,3,5
26017,1245,1285,1256,1275,1368,1,2
26019,210,182,184,217,232,3,5
26021,1781,1796,1779,1801,1701,2,3
26023,471,479,451,484,495,1,2
26025,1560,1519,1574,1605,1587,1,2
26027,539,526,535,553,526,1,2
26029,287,266,304,291,312,3,5
26031,322,317,333,331,354,1,2
26033,339,336,340,419,379,1,1
26035,445,451,445,447,497,1,1
26037,598,603,616,603,645,4,7
26039,168,165,194,196,215,2,3
26041,414,468,478,470,474,1,2
26043,336,329,288,301,318,2,3
26045,991,984,1042,1112,1083,3,6
26047,339,392,371,368,383,3,6
26049,4472,4516,4684,4802,4714,1,2
26051,349,367,357,397,368,1,1
26053,200,197,207,177,221,1,1
26055,872,868,879,948,906,4,8
26057,482,432,459,497,496,1,2
26059,451,493,502,510,543,1,2
26061,363,353,360,352,378,2,3
26063,479,452,441,499,418,1,2
26065,2194,2059,2262,2225,2302,2,4
26067,504,567,525,529,560,2,3
26069,425,423,404,431,412,1,1
26071,178,198,204,189,205,1,2
26073,487,500,479,539,486,1,2
26075,1670,1740,1827,1748,1739,2,3
26077,2122,2186,2114,2274,2202,3,5
26079,194,208,197,215,229,1,1
26081,4734,4813,4796,4943,4982,3,6
26083,24,25,31,28,25,2,3
26085,152,151,176,196,150,1,2
26087,828,889,894,901,961,2,4
26089,227,221,259,277,235,4,8
26091,1061,1085,1036,1062,1093,2,4
26093,1389,1426,1490,1533,1493,5,9
26095,66,91,59,77,81,1,2
26097,156,137,145,155,172,1,1
26099,8636,8694,8956,8849,8953,3,5
26101,311,323,352,321,311,1,2
26103,701,690,702,712,694,2,4
26105,322,338,334,367,360,2,3
26107,384,399,427,405,419,1,1
26109,276,270,307,298,303,1,2
26111,707,797,797,767,755,3,6
26113,174,156,156,172,174,1,1
26115,1463,1458,1547,1560,1565,2,4
26117,573,616,625,656,702,1,2
26119,152,168,154,175,160,1,1
26121,1753,1707,1738,1845,1793,1,2
26123,518,485,538,502,526,1,2
26125,10542,10516,10751,10709,10809,5,9
26127,287,292,266,261,267,1,2
26129,305,349,316,359,324,1,1
26131,97,113,101,97,92,1,2
26133,237,243,260,249,267,1,1
26135,109,128,149,128,115,1,1
26137,281,266,258,279,283,2,3
26139,1873,1922,1961,2055,2120,4,7
26141,194,198,220,202,187,1,2
26143,408,445,447,376,395,1,1
26145,2119,2132,2176,2264,2132,1,2
26147,1799,1774,1797,1782,1861,2,3
26149,639,678,674,676,683,1,2
26151,492,527,524,498,506,1,1
26153,88,112,130,118,106,1,2
26155,720,729,730,776,782,2,3
26157,585,618,587,654,667,1,2
26159,754,779,825,777,762,1,2
26161,2148,2274,2243,2402,2478,5,9
26163,18102,18359,18382,18368,18331,1,2
26165,380,330,367,367,354,1,2
27001,199,246,228,203,253,2,3
27003,2038,2081,2262,2241,2317,4,8
27005,368,328,367,359,405,2,4
27007,412,387,424,421,395,1,2
27009,363,353,367,394,393,3,5
27011,80,71,78,76,88,2,4
27013,466,527,499,516,491,3,5
27015,270,284,302,295,307,3,5
27017,393,387,364,386,373,3,5
27019,511,495,515,545,571,5,10
27021,309,334,340,338,339,2,3
27023,143,156,162,167,160,2,3
27025,429,402,448,444,484,4,7
27027,480,474,523,474,486,3,6
27029,100,93,114,85,107,1,2
27031,36,53,60,49,57,3,5
27033,136,127,145,136,158,1,2
27035,652,707,675,725,723,3,5
27037,2424,2558,2591,2684,2807,5,9
27039,159,134,171,168,163,3,6
27041,433,441,423,441,474,3,6
27043,190,190,185,183,173,1,2
27045,241,228,228,255,227,2,3
27047,370,366,377,373,346,1,2
27049,480,463,494,482,535,3,6
27051,69,71,67,69,64,2,4
27053,8545,8557,8888,8792,9017,5,9
27055,207,163,179,202,192,3,6
27057,187,209,218,230,234,2,4
27059,286,334,322,345,347,3,6
27061,569,500,503,550,508,2,3
27063,102,106,95,115,115,2,3
27065,155,170,152,120,175,2,3
27067,381,380,365,437,389,2,4
27069,58,55,77,57,60,2,4
27071,160,157,122,162,165,1,2
27073,84,82,88,97,78,2,3
27075,145,136,148,159,117,3,5
27077,54,41,48,38,49,1,2
27079,232,233,228,224,263,3,5
27081,84,86,71,82,92,2,3
27083,250,232,215,215,231,2,4
27085,339,359,351,324,351,2,4
27087,60,59,78,70,66,1,2
27089,89,78,83,81,98,2,4
27091,275,246,270,243,245,2,3
27093,211,218,247,240,230,2,4
27095,292,334,281,297,319,1,2
27097,331,310,285,362,338,2,3
27099,391,419,443,402,433,1,2
27101,105,89,113,89,93,2,4
27103,231,223,239,270,298,3,6
27105,151,167,189,203,182,1,1
27107,104,98,115,104,88,1,2
27109,1021,1078,1058,1186,1082,4,8
27111,679,672,656,691,670,2,4
27113,124,134,141,140,144,2,3
27115,314,302,277,288,323,1,2
27117,119,121,128,122,110,2,3
27119,360,340,339,365,371,2,3
27121,129,131,105,137,140,3,5
27123,4174,4108,4350,4394,4333,4,7
27125,28,29,32,39,36,2,3
27127,175,203,199,168,175,2,3
27129,195,189,175,166,185,2,3
27131,448,495,575,515,531,3,6
27133,111,110,124,107,136,2,4
27135,139,136,142,126,152,2,3
27137,2098,2094,2087,2136,2065,2,4
27139,694,721,689,686,749,5,9
27141,532,523,567,541,590,4,8
27143,154,163,127,147,136,2,4
27145,1036,1026,1044,1121,1128,3,5
27147,296,296,353,319,315,3,5
27149,78,79,84,83,99,2,4
27151,119,117,137,113,112,2,3
27153,231,224,195,214,216,1,2
27155,56,47,58,66,60,2,4
27157,206,180,196,200,199,3,5
27159,218,208,218,216,198,1,1
27161,170,180,171,183,190,2,3
27163,1555,1611,1708,1708,1747,5,10
27165,131,104,125,128,115,1,2
27167,89,75,80,89,83,2,4
27169,462,430,444,426,428,2,4
27171,714,835,853,813,918,4,8
27173,116,120,112,93,109,2,3
28001,393,416,398,445,428,1,1
28003,483,472,475,469,489,1,1
28005,173,171,157,160,167,1,1
28007,309,297,245,241,271,1,1
28009,114,115,113,103,113,1,1
28011,416,401,413,395,413,1,1
28013,212,166,175,166,183,1,1
28015,117,104,112,106,126,1,1
28017,210,208,187,206,202,1,1
28019,97,111,121,116,113,1,1
28021,103,104,106,113,120,1,1
28023,230,240,212,223,212,1,1
28025,248,236,245,223,217,1,1
28027,304,277,294,293,313,1,1
28029,329,362,342,290,331,1,1
28031,278,276,269,274,262,1,1
28033,1327,1401,1416,1433,1497,4,7
28035,710,788,786,826,769,1,2
28037,109,83,87,116,107,1,1
28039,280,266,309,273,306,1,1
28041,128,164,152,137,124,1,1
28043,286,285,315,344,299,1,2
28045,507,543,513,493,521,1,2
28047,1992,1986,2122,2147,2249,1,2
28049,2130,2295,2217,2191,2344,1,2
28051,231,202,236,202,241,1,1
28053,94,98,106,97,117,1,1
28055,11,7,11,19,20,1,1
28057,286,315,283,278,336,1,2
28059,1399,1315,1373,1443,1551,2,3
28061,197,209,199,187,211,1,1
28063,92,95,90,93,72,1,1
28065,157,165,162,167,163,1,1
28067,827,746,793,807,798,1,1
28069,112,101,113,109,100,1,1
28071,409,359,423,370,388,3,5
28073,456,461,444,439,424,3,5
28075,914,843,832,892,889,1,2
28077,146,168,172,168,169,1,1
28079,222,245,235,241,236,1,1
28081,908,928,954,889,932,2,3
28083,368,392,365,386,358,1,1
28085,434,401,450,416,440,1,1
28087,604,643,657,634,705,1,2
28089,994,957,1027,1059,1052,5,9
28091,355,343,328,282,353,1,1
28093,436,368,422,423,451,1,1
28095,436,455,456,431,476,1,1
28097,136,148,124,166,157,1,1
28099,410,419,390,392,406,1,1
28101,263,284,264,246,267,1,1
28103,132,130,124,129,124,1,1
28105,327,309,328,328,341,1,2
28107,404,398,416,374,410,1,1
28109,655,660,691,727,704,1,2
28111,152,130,129,135,146,1,1
28113,528,505,539,542,516,1,1
28115,289,301,324,320,299,1,1
28117,306,311,331,336,316,1,1
28119,93,87,103,107,101,1,1
28121,1150,1141,1198,1258,1223,4,8
28123,287,278,351,298,317,1,1
28125,55,60,76,61,61,1,1
28127,326,308,327,306,308,1,1
28129,202,173,166,171,184,1,1
28131,175,211,198,180,202,1,1
28133,296,302,322,330,332,1,1
28135,157,149,157,162,141,1,1
28137,303,297,293,325,300,1,2
28139,266,293,285,266,270,1,1
28141,308,279,301,294,290,1,1
28143,108,103,115,126,109,1,1
28145,296,328,303,326,318,1,2
28147,194,188,167,213,173,1,1
28149,594,576,534,508,465,1,1
28151,584,582,570,595,646,1,1
28153,245,220,233,235,203,1,1
28155,140,137,139,157,124,1,1
28157,119,136,135,126,130,1,1
28159,214,231,230,263,231,1,1
28161,185,180,189,177,208,1,1
28163,311,304,316,307,284,1,1
29001,213,209,244,212,249,1,2
29003,162,176,155,158,172,3,6
29005,81,74,70,71,90,1,2
29007,298,301,327,311,315,1,1
29009,427,445,437,454,419,1,1
29011,161,137,141,122,154,1,1
29013,208,210,229,185,216,1,2
29015,308,297,309,326,317,1,1
29017,130,142,158,144,119,1,1
29019,1050,1039,1086,1238,1210,4,7
29021,948,899,989,959,926,1,2
29023,629,510,585,607,569,1,1
29025,94,99,102,117,105,1,2
29027,397,401,397,459,422,2,4
29029,494,496,471,534,522,2,4
29031,774,863,768,820,839,3,5
29033,107,117,115,121,107,1,2
29035,82,86,81,92,87,1,1
29037,888,931,1002,1026,1023,4,7
29039,224,214,192,221,223,1,1
29041,98,90,100,97,96,1,2
29043,675,600,699,688,734,3,6
29045,90,85,70,82,83,1,1
29047,1811,1693,1818,1848,1906,4,8
29049,254,250,267,261,231,3,5
29051,646,679,625,710,717,3,6
29053,190,214,183,200,186,2,3
29055,286,324,317,315,322,1,1
29057,105,107,101,116,117,1,1
29059,202,205,201,214,214,1,2
29061,103,97,84,86,85,1,2
29063,114,117,129,160,103,1,2
29065,195,212,191,174,227,1,1
29067,178,183,176,206,180,1,1
29069,428,426,459,472,435,1,1
29071,1021,1056,1005,1075,1153,2,4
29073,215,194,223,213,226,2,3
29075,75,93,105,96,87,1,2
29077,2859,2872,2979,2951,3003,2,4
29079,155,139,112,127,126,1,1
29081,114,118,125,108,111,1,1
29083,334,282,296,301,309,1,1
29085,161,154,151,153,146,1,1
29087,67,57,56,54,59,1,2
29089,95,101,118,115,106,1,2
29091,533,495,500,531,547,1,1
29093,162,149,167,143,157,1,1
29095,6341,6144,6494,6376,6501,3,5
29097,1109,1201,1290,1265,1242,1,2
29099,1980,2070,2137,2178,2172,3,5
29101,449,444,402,398,421,2,4
29103,47,51,37,56,40,1,1
29105,412,425,446,459,464,1,2
29107,400,393,405,413,384,2,3
29109,442,479,498,514,501,1,1
29111,129,126,127,123,112,1,1
29113,503,501,487,502,521,2,4
29115,185,172,175,183,149,1,1
29117,197,202,173,165,185,1,1
29119,235,222,255,244,254,1,1
29121,203,184,196,215,213,1,2
29123,175,164,179,176,149,1,1
29125,101,106,109,93,114,1,2
29127,343,342,356,342,358,1,2
29129,43,51,41,54,39,1,1
29131,316,265,283,293,294,1,2
29133,156,171,189,196,176,1,1
29135,141,152,145,175,150,1,2
29137,100,106,102,103,115,1,2
29139,154,164,195,150,193,1,1
29141,283,336,264,315,288,1,1
29143,225,251,238,272,253,1,1
29145,650,639,663,693,664,1,2
29147,200,186,199,212,180,1,2
29149,151,150,145,159,134,1,1
29151,123,122,140,146,136,2,4
29153,120,128,134,138,118,1,1
29155,248,242,231,243,226,1,1
29157,194,218,185,219,194,2,4
29159,434,445,494,482,447,1,2
29161,482,495,475,431,481,1,2
29163,209,203,210,213,197,1,1
29165,668,687,744,743,743,5,9
29167,337,329,419,374,381,2,3
29169,311,320,329,341,348,2,4
29171,60,80,74,61,89,1,1
29173,105,108,88,84,106,1,2
29175,289,295,294,280,301,1,2
29177,235,282,285,277,247,1,2
29179,94,72,78,99,98,1,1
29181,200,169,200,190,195,1,1
29183,2746,2841,2997,3147,3130,5,9
29185,161,151,143,117,143,1,1
29186,198,193,196,214,182,2,3
29187,779,746,797,810,782,1,2
29189,9982,10025,10269,10880,10354,4,8
29195,237,255,272,263,251,1,2
29197,59,46,51,58,50,1,1
29199,80,66,49,41,49,1,1
29201,423,463,420,469,461,1,2
29203,86,90,101,90,123,1,1
29205,86,87,98,67,75,1,2
29207,433,384,402,407,385,1,1
29209,361,406,410,443,423,2,3
29211,66,57,79,83,68,1,1
29213,614,588,648,600,598,2,3
29215,322,297,307,331,331,1,1
29217,274,237,258,237,243,1,2
29219,291,301,322,323,298,2,4
29221,294,302,311,273,307,1,1
29223,199,187,199,214,158,1,1
29225,355,328,354,394,368,1,1
29227,31,37,35,26,29,1,2
29229,209,247,294,272,247,1,1
29510,2965,3009,3139,3040,3023,2,3
30001,83,96,99,88,81,3,5
30003,136,143,134,134,162,1,1
30005,73,74,63,54,79,1,1
30007,61,70,62,58,53,4,7
30009,110,106,105,105,107,3,6
30011,7,16,19,18,12,2,3
30013,869,873,939,895,908,2,4
30015,54,63,66,63,49,2,4
30017,159,135,129,140,142,2,3
30019,23,17,25,25,17,3,5
30021,112,89,102,88,79,3,5
30023,128,141,114,122,116,2,3
30025,36,29,34,29,27,2,3
30027,166,155,176,131,156,2,4
30029,922,864,921,934,954,3,6
30031,514,584,560,553,606,5,9
30033,21,10,16,15,9,2,4
30035,135,141,181,133,118,1,1
30037,6,14,6,6,9,2,4
30039,30,36,37,31,28,2,3
30041,159,153,152,150,147,1,2
30043,113,85,102,107,103,4,7
30045,17,15,14,23,25,2,4
30047,333,284,322,314,334,2,3
30049,601,579,660,604,692,4,8
30051,29,18,17,15,12,1,2
30053,264,249,242,245,250,1,1
30055,16,21,24,18,18,2,3
30057,77,96,84,65,113,3,5
30059,28,20,22,25,23,2,4
30061,69,61,46,51,52,1,2
30063,881,934,910,888,914,4,7
30065,53,59,64,75,51,2,4
30067,160,157,151,140,174,3,6
30069,1,5,3,3,3,2,4
30071,43,42,45,70,70,1,1
30073,57,78,80,85,78,2,4
30075,24,20,20,15,22,2,3
30077,71,91,73,78,85,2,3
30079,15,24,18,21,21,2,3
30081,419,472,458,467,526,3,5
30083,84,91,100,89,85,3,5
30085,131,131,125,120,135,1,1
30087,97,80,96,97,93,1,1
30089,155,143,159,149,170,1,2
30091,58,48,42,40,50,3,5
30093,446,404,417,411,446,1,2
30095,100,87,90,84,77,3,6
30097,42,48,32,28,36,2,4
30099,53,74,70,55,76,2,4
30101,56,48,45,70,46,1,2
30103,12,9,11,9,8,1,1
30105,88,80,86,95,102,3,5
30107,27,16,36,35,27,2,4
30109,20,17,14,15,18,2,3
30111,1498,1510,1582,1614,1608,4,7
31001,313,311,326,339,307,2,3
31003,86,87,84,72,47,2,4
31005,5,6,3,4,2,3,5
31007,3,4,4,3,1,2,4
31009,5,3,4,3,9,3,5
31011,75,57,74,66,65,2,4
31013,118,112,134,118,119,1,2
31015,34,41,31,26,41,2,3
31017,36,37,38,40,36,3,5
31019,357,345,369,361,398,3,5
31021,92,95,89,99,98,1,2
31023,114,103,101,105,127,3,5
31025,246,237,242,228,219,4,7
31027,116,95,115,98,102,3,5
31029,54,48,50,58,53,2,4
31031,66,61,74,67,60,3,5
31033,88,111,101,101,95,2,4
31035,82,68,61,77,68,3,5
31037,86,83,57,84,79,2,3
31039,96,83,97,93,116,1,2
31041,136,119,130,138,97,2,3
31043,157,194,180,152,153,1,1
31045,89,104,83,90,88,3,5
31047,215,185,210,209,229,1,2
31049,25,24,27,21,22,2,4
31051,72,63,67,61,53,3,5
31053,475,433,448,446,461,2,3
31055,4211,3940,4170,4196,4244,4,7
31057,16,28,31,28,26,2,4
31059,81,83,93,63,87,3,5
31061,38,40,45,35,44,2,3
31063,15,20,17,23,23,3,5
31065,74,57,68,71,55,2,3
31067,276,285,267,264,283,2,3
31069,35,30,20,29,41,2,4
31071,31,39,44,43,33,2,4
31073,26,25,25,20,26,3,5
31075,3,4,9,6,12,3,5
31077,33,27,39,24,28,2,4
31079,574,567,588,568,553,2,3
31081,84,72,84,92,84,3,5
31083,48,47,36,48,33,2,3
31085,3,8,3,7,10,2,3
31087,41,38,40,36,43,2,3
31089,136,127,128,143,109,3,5
31091,23,18,12,12,14,3,5
31093,64,74,73,65,91,2,4
31095,106,96,108,106,119,2,3
31097,60,72,67,78,66,2,3
31099,85,79,80,73,63,3,5
31101,96,103,84,94,98,2,4
31103,6,6,2,9,7,3,5
31105,49,51,62,53,64,2,4
31107,117,105,117,108,95,2,3
31109,2173,2171,2243,2326,2333,4,7
31111,390,375,370,361,416,2,4
31113,8,8,6,8,3,3,5
31115,7,6,12,8,14,3,5
31117,4,9,4,4,3,3,5
31119,349,378,386,388,363,2,3
31121,82,67,101,86,93,2,4
31123,64,62,58,62,54,2,4
31125,53,39,75,45,62,2,4
31127,88,78,80,84,88,2,3
31129,58,59,72,68,62,2,3
31131,180,177,185,169,176,3,5
31133,34,33,39,41,38,1,2
31135,33,34,31,38,38,2,4
31137,131,118,119,105,105,3,5
31139,84,59,77,74,69,2,3
31141,292,274,293,316,305,3,5
31143,55,59,58,73,56,3,5
31145,121,149,124,139,139,2,3
31147,125,115,112,134,109,1,2
31149,29,29,26,20,20,3,5
31151,150,150,156,136,130,1,2
31153,912,964,1010,1074,1084,5,9
31155,232,227,214,225,209,3,6
31157,449,383,450,383,482,2,3
31159,198,176,176,186,155,4,7
31161,74,63,88,83,82,3,5
31163,51,38,39,41,41,2,4
31165,8,10,5,8,5,3,5
31167,45,37,43,48,46,2,3
31169,71,79,90,80,84,2,3
31171,4,5,5,2,2,3,5
31173,72,85,76,89,97,1,2
31175,48,60,52,45,67,2,4
31177,195,171,205,190,174,4,7
31179,70,66,61,89,61,2,3
31181,66,63,60,56,62,2,3
31183,4,3,6,7,6,2,4
31185,159,188,160,160,141,3,5
32001,288,273,276,294,293,1,2
32003,15519,16079,16994,16969,17554,2,4
32005,494,452,532,531,554,4,8
32007,295,321,315,328,331,2,4
32009,6,16,5,10,8,1,2
32011,12,15,9,14,20,1,2
32013,132,143,111,148,125,1,2
32015,52,47,45,53,54,1,2
32017,50,68,44,39,60,2,3
32019,573,651,623,617,659,2,3
32021,77,80,62,63,89,1,2
32023,683,715,769,823,841,1,1
32027,40,51,48,66,66,1,2
32029,26,29,42,46,46,2,3
32031,3707,4066,3955,3847,3981,3,6
32033,112,84,85,95,85,2,3
32510,813,812,742,772,820,2,3
33001,681,731,731,777,787,4,7
33003,547,559,544,600,582,4,7
33005,724,730,784,794,747,3,6
33007,462,458,450,459,463,1,2
33009,805,826,862,896,904,4,7
33011,3367,3388,3546,3493,3527,4,8
33013,1404,1402,1385,1521,1412,4,8
33015,2475,2523,2530,2595,2643,5,9
33017,1067,1132,1199,1185,1203,4,8
33019,452,454,473,454,476,3,5
34001,2714,2787,2706,2834,2844,2,3
34003,7111,7146,7328,7298,7425,5,10
34005,4057,4199,4184,4171,4144,5,9
34007,4637,4700,4948,5093,4952,3,5
34009,1279,1274,1332,1363,1308,3,6
34011,1567,1533,1633,1600,1625,1,1
34013,5822,5963,6104,6120,5946,2,4
34015,2565,2641,2774,2830,2787,4,8
34017,3721,3713,3835,3838,3738,4,7
34019,905,918,886,900,937,5,10
34021,2895,2925,2846,2993,2976,4,7
34023,5734,5971,6068,6112,5977,5,9
34025,5319,5450,5538,5883,5663,5,10
34027,3745,3767,3915,4007,3916,5,10
34029,7223,7272,7457,7309,7397,4,8
34031,3697,3643,3834,3794,3793,2,4
34033,727,769,731,769,756,2,4
34035,2397,2325,2442,2456,2489,5,10
34037,1174,1218,1247,1265,1313,5,9
34039,3937,3949,3984,4092,3989,4,7
34041,1045,992,1054,1038,1035,4,7
35001,5515,5669,5825,5885,6054,3,5
35003,43,38,40,50,49,1,1
35005,612,693,695,664,685,1,1
35006,261,258,251,251,277,1,1
35007,149,168,123,125,155,1,1
35009,450,406,425,410,417,1,1
35011,33,24,35,19,24,1,1
35013,1510,1525,1640,1623,1692,1,1
35015,564,557,558,614,618,2,3
35017,341,338,335,342,391,1,1
35019,37,41,58,55,52,1,1
35021,10,8,5,14,6,1,1
35023,52,49,49,68,58,1,1
35025,520,533,530,575,608,1,1
35027,216,219,235,246,240,2,4
35028,123,139,121,146,123,5,10
35029,311,303,309,309,297,1,1
35031,592,668,674,698,697,1,1
35033,55,45,31,50,54,1,1
35035,608,640,596,662,620,1,1
35037,114,122,130,119,116,1,1
35039,416,421,413,447,428,1,1
35041,147,147,166,146,173,1,1
35043,1003,1092,1196,1193,1248,3,6
35045,1006,1061,1080,1137,1178,1,1
35047,288,306,308,284,292,1,1
35049,1168,1232,1188,1210,1317,4,8
35051,236,272,254,267,210,1,1
35053,149,201,162,160,172,1,1
35055,314,307,347,331,297,1,2
35057,136,173,155,154,166,1,2
35059,53,38,40,44,49,1,1
35061,653,672,699,709,749,1,2
36001,2728,2706,2863,2830,2731,4,7
36003,498,467,494,526,484,1,1
36005,9401,9670,9481,9785,9772,1,1
36007,2151,2051,2149,2143,2166,1,2
36009,882,792,878,900,849,1,1
36011,806,764,768,817,736,2,3
36013,1491,1566,1555,1588,1455,1,1
36015,1027,942,1070,1009,1091,1,2
36017,627,599,561,592,586,1,2
36019,693,710,682,774,787,1,2
36021,709,668,712,683,667,3,5
36023,451,457,469,441,455,1,2
36025,516,552,486,566,572,1,2
36027,2356,2520,2511,2700,2584,4,8
36029,9876,9804,9769,9874,9699,3,5
36031,450,416,426,401,484,2,3
36033,495,455,489,453,477,1,1
36035,597,615,597,600,634,1,1
36037,586,609,633,650,660,2,3
36039,549,481,549,547,514,2,3
36041,53,48,82,62,62,1,2
36043,754,668,694,683,655,1,2
36045,913,855,942,934,963,2,3
36047,15814,15940,16115,16011,15893,4,7
36049,256,249,242,247,293,1,2
36051,559,540,596,583,618,2,4
36053,611,625,568,611,595,2,4
36055,6670,6617,6760,6805,6947,3,5
36057,612,580,583,597,562,1,1
36059,10958,11017,10973,11039,10901,5,10
36061,10110,9916,9915,10283,9965,5,10
36063,2376,2441,2424,2409,2402,2,3
36065,2599,2507,2609,2595,2642,2,3
36067,4406,4441,4325,4285,4449,3,5
36069,1062,1107,1086,1102,1100,3,6
36071,2708,2768,2717,2824,2750,4,7
36073,402,424,460,398,430,1,2
36075,1058,1068,1139,1087,1156,1,2
36077,589,583,669,619,638,2,3
36079,762,712,696,694,732,5,9
36081,14449,14482,14600,14630,14575,4,8
36083,1483,1484,1480,1510,1476,3,6
36085,3689,3710,3712,3752,3807,4,8
36087,2158,2265,2147,2312,2295,5,9
36089,935,992,989,1034,1071,1,1
36091,1834,1876,1969,1955,1923,5,9
36093,1545,1520,1652,1606,1497,3,5
36095,300,282,278,322,310,2,3
36097,182,217,223,198,206,1,2
36099,372,374,378,383,348,1,2
36101,992,1000,1014,1072,1065,1,2
36103,11982,12467,12459,12617,12658,5,9
36105,686,770,717,724,760,1,2
36107,470,487,469,465,502,2,3
36109,684,712,713,715,694,4,7
36111,1744,1764,1757,1736,1768,3,6
36113,733,699,729,751,753,3,6
36115,592,636,642,682,690,2,3
36117,886,896,863,937,916,2,3
36119,7108,7135,7168,7367,7221,5,9
36121,389,383,385,390,376,1,2
36123,254,257,277,278,308,1,2
37001,1683,1639,1690,1697,1835,2,3
37003,404,376,445,395,409,1,2
37005,133,150,138,147,158,1,2
37007,350,321,302,318,304,1,1
37009,350,327,320,340,369,1,2
37011,203,193,212,212,242,1,2
37013,620,616,610,625,583,1,2
37015,241,241,251,253,255,1,1
37017,435,417,406,428,419,1,1
37019,1335,1397,1541,1506,1621,3,5
37021,2655,2611,2752,2735,2610,4,7
37023,1024,1047,1024,1040,1070,1,1
37025,1633,1496,1663,1528,1635,4,7
37027,930,989,969,962,1051,1,1
37029,89,96,82,87,97,2,3
37031,795,804,784,949,891,3,5
37033,251,289,276,279,296,1,1
37035,1698,1642,1789,1718,1640,1,2
37037,657,673,705,738,769,4,7
37039,362,333,414,403,412,1,2
37041,197,183,206,179,226,1,2
37043,143,144,179,162,156,1,2
37045,1222,1242,1196,1249,1277,1,1
37047,678,714,748,660,759,1,1
37049,1089,1137,1082,1145,1131,2,3
37051,2478,2559,2578,2647,2725,2,3
37053,217,224,224,253,213,4,7
37055,295,366,363,395,355,4,8
37057,1825,1740,1885,1853,1870,1,2
37059,482,508,468,452,495,2,4
37061,581,550,531,523,563,1,1
37063,1995,1979,2092,2063,2181,4,8
37065,646,670,639,762,707,1,1
37067,3354,3296,3611,3462,3507,2,4
37069,550,575,601,673,657,2,3
37071,2282,2289,2361,2423,2481,2,3
37073,127,119,143,139,139,2,3
37075,95,103,102,111,117,1,2
37077,521,533,586,566,567,2,3
37079,196,204,214,204,209,1,1
37081,4290,4372,4589,4595,4736,3,5
37083,631,656,661,702,703,1,1
37085,995,982,1004,1054,1061,2,3
37087,779,763,820,841,840,2,4
37089,1458,1379,1386,1445,1461,3,6
37091,256,263,266,276,300,1,1
37093,300,315,384,367,376,1,2
37095,63,67,74,57,70,1,1
37097,1510,1567,1645,1546,1616,3,5
37099,368,417,403,401,399,2,3
37101,1451,1491,1449,1536,1632,3,5
37103,117,106,150,117,116,1,1
37105,632,541,652,610,595,1,2
37107,742,713,762,736,731,1,1
37109,841,818,797,824,860,2,4
37111,495,539,515,562,531,1,1
37113,436,487,487,482,471,2,3
37115,236,248,262,275,275,1,2
37117,306,313,331,323,296,1,1
37119,6024,6227,6191,6480,6462,4,8
37121,244,221,215,242,239,1,2
37123,290,293,314,312,348,1,1
37125,1115,1158,1163,1114,1164,3,6
37127,1022,1058,1153,1081,1129,1,2
37129,1925,2005,1926,1977,2132,3,6
37131,279,287,255,260,265,1,1
37133,1104,1193,1179,1269,1286,2,3
37135,787,825,815,815,850,5,9
37137,173,166,181,169,185,1,2
37139,419,428,430,447,443,2,3
37141,549,607,563,616,632,2,4
37143,162,176,163,173,159,2,3
37145,429,437,422,508,458,1,2
37147,1290,1247,1331,1286,1392,1,2
37149,290,299,310,319,306,3,5
37151,1502,1516,1628,1577,1624,1,2
37153,593,564,598,533,587,1,1
37155,1341,1435,1416,1456,1481,1,1
37157,1169,1165,1121,1180,1251,1,1
37159,1615,1626,1691,1661,1632,1,2
37161,891,849,869,859,877,1,1
37163,694,716,709,700,696,1,1
37165,365,423,425,402,408,1,1
37167,731,714,759,691,743,1,2
37169,543,564,597,597,550,1,2
37171,910,906,977,984,999,1,2
37173,181,178,203,214,219,1,1
37175,397,458,421,411,453,2,4
37177,50,44,43,53,40,1,1
37179,1379,1430,1503,1489,1555,4,8
37181,500,545,572,528,514,1,1
37183,5237,5555,5741,5851,6019,5,10
37185,250,275,258,262,246,1,1
37187,160,159,169,157,173,1,1
37189,347,319,359,345,408,2,3
37191,1134,1261,1243,1323,1390,1,1
37193,817,860,829,837,868,1,1
37195,838,796,916,979,922,1,1
37197,441,430,465,450,456,1,1
37199,219,221,215,248,250,1,2
38001,30,39,26,34,33,1,2
38003,143,108,132,142,138,3,5
38005,72,68,64,60,68,1,2
38007,7,5,9,8,10,3,6
38009,65,97,91,94,72,3,5
38011,38,26,36,40,36,1,2
38013,22,24,19,17,13,3,5
38015,728,719,738,737,771,4,8
38017,1035,1118,1133,1103,1273,4,8
38019,35,42,58,59,43,2,4
38021,80,72,79,64,58,3,5
38023,31,29,20,32,33,3,5
38025,37,36,35,32,33,3,6
38027,40,49,41,43,45,1,2
38029,55,51,38,49,42,2,3
38031,52,44,39,36,46,1,2
38033,14,12,13,13,10,3,6
38035,458,491,521,547,526,3,5
38037,34,28,23,31,36,1,2
38039,46,34,36,39,41,3,6
38041,31,32,22,30,33,1,2
38043,24,18,21,19,27,2,4
38045,48,47,34,47,41,2,3
38047,26,33,25,29,21,2,3
38049,59,61,69,69,63,2,4
38051,45,37,59,52,54,2,3
38053,73,70,63,68,71,3,6
38055,95,100,117,117,122,3,6
38057,79,76,80,82,75,3,6
38059,262,316,299,315,329,4,7
38061,99,88,94,104,97,3,6
38063,52,55,57,59,54,1,2
38065,15,11,10,14,10,3,6
38067,69,62,90,91,90,2,4
38069,63,52,48,61,43,2,4
38071,154,121,126,144,139,3,5
38073,75,92,83,79,83,3,5
38075,19,36,29,33,30,3,5
38077,145,140,158,136,161,2,3
38079,121,132,149,128,127,1,1
38081,39,31,37,36,36,3,5
38083,11,13,11,6,7,2,4
38085,48,42,38,43,43,1,2
38087,5,5,6,2,7,1,2
38089,244,223,235,237,245,3,6
38091,17,25,20,11,16,3,6
38093,232,236,264,212,259,3,5
38095,31,22,25,37,27,2,4
38097,110,96,90,80,99,3,6
38099,156,150,135,139,153,2,3
38101,456,446,474,487,499,4,7
38103,64,59,75,62,73,2,4
38105,234,223,221,236,241,4,8
39001,349,364,367,339,396,1,1
39003,1114,1140,1166,1164,1185,1,2
39005,546,611,582,599,600,1,2
39007,1216,1171,1234,1243,1263,1,1
39009,519,467,497,503,505,1,1
39011,505,503,402,522,519,3,5
39013,899,885,872,931,907,1,2
39015,521,518,545,565,531,1,2
39017,3307,3358,3548,3536,3506,3,6
39019,301,295,366,321,351,1,2
39021,415,429,409,422,417,2,3
39023,1802,1797,1800,1773,1747,1,2
39025,1769,1765,1895,1919,1878,4,7
39027,441,406,492,478,477,2,3
39029,1327,1304,1337,1285,1380,1,2
39031,376,399,404,457,465,1,1
39033,558,549,624,568,570,1,2
39035,13711,14003,14334,14182,13842,2,3
39037,625,614,602,651,665,2,3
39039,389,395,430,400,440,2,4
39041,1028,1089,1090,1204,1278,5,10
39043,958,972,1016,964,965,2,4
39045,1264,1279,1393,1468,1466,4,7
39047,373,363,415,352,384,1,2
39049,9744,9624,10031,10234,10173,4,7
39051,406,416,489,446,449,3,5
39053,356,388,398,429,382,1,1
39055,832,855,796,851,903,4,8
39057,1469,1437,1535,1533,1684,4,8
39059,472,463,507,478,521,1,1
39061,8094,7884,8374,8142,7991,3,6
39063,778,767,827,824,774,3,5
39065,292,338,309,341,326,1,1
39067,214,190,199,218,202,1,1
39069,321,268,284,311,300,2,4
39071,525,499,515,503,495,1,1
39073,264,302,331,360,344,1,2
39075,325,356,318,338,346,1,1
39077,579,560,643,620,670,1,2
39079,387,425,425,463,445,1,1
39081,954,970,957,935,940,1,2
39083,632,661,637,649,565,2,4
39085,2466,2535,2569,2577,2609,4,7
39087,822,810,848,920,871,1,2
39089,1674,1549,1690,1740,1801,3,6
39091,521,516,522,514,504,2,3
39093,3077,3073,3257,3301,3276,2,4
39095,4395,4611,4607,4855,4662,1,2
39097,420,446,445,409,439,3,5
39099,3167,3036,3015,3114,3051,1,2
39101,760,783,773,790,814,1,2
39103,1473,1433,1626,1648,1508,4,8
39105,281,331,285,364,275,1,1
39107,415,439,381,416,396,3,5
39109,1063,1167,1071,1164,1188,3,5
39111,166,172,165,205,175,1,1
39113,6104,6218,6542,6441,6412,2,4
39115,175,168,190,183,182,1,1
39117,349,314,349,311,342,2,3
39119,987,1015,1017,1052,1023,1,2
39121,135,143,133,147,148,1,1
39123,483,515,504,539,508,2,4
39125,201,204,202,209,221,2,3
39127,347,365,372,363,394,1,1
39129,550,592,666,611,641,3,5
39131,361,344,380,414,381,1,1
39133,1511,1472,1534,1570,1526,3,5
39135,445,484,505,494,499,2,4
39137,288,306,336,324,325,3,6
39139,1369,1447,1549,1519,1497,1,2
39141,873,898,824,897,926,1,2
39143,657,675,712,704,710,1,2
39145,969,1036,1084,1084,1106,1,1
39147,588,607,672,618,614,2,3
39149,431,480,492,482,496,2,4
39151,4123,4391,4575,4432,4490,2,4
39153,5896,5930,5916,5866,6104,2,4
39155,2614,2566,2716,2639,2603,1,2
39157,1050,1037,1135,1135,1123,1,2
39159,385,360,408,417,423,5,9
39161,335,335,328,324,311,2,3
39163,131,147,141,163,172,1,1
39165,1531,1766,1892,1862,1861,5,10
39167,783,769,780,754,755,2,3
39169,1087,1155,1158,1224,1245,2,3
39171,388,443,454,453,415,2,3
39173,1118,1156,1181,1229,1190,3,6
39175,267,254,252,266,258,2,4
40001,263,248,266,257,238,1,1
40003,58,56,57,68,63,2,4
40005,188,171,172,169,148,1,1
40007,47,54,61,54,64,1,2
40009,227,230,260,237,245,1,2
4001,698,681,741,694,741,1,1
40011,124,129,143,126,145,1,2
40013,513,507,546,502,541,1,2
40015,363,358,374,403,392,1,1
40017,984,941,1018,1119,1143,4,7
40019,612,555,615,586,582,1,2
40021,483,451,522,532,494,1,1
40023,238,240,197,204,197,1,1
40025,40,31,27,18,26,1,1
40027,1955,1899,1989,2073,2188,4,7
40029,96,91,87,74,100,1,1
4003,1307,1348,1349,1361,1406,1,2
40031,1032,1072,1056,1080,1010,2,3
40033,76,94,64,74,80,1,1
40035,210,194,225,186,208,1,1
40037,876,891,826,844,898,2,3
40039,334,265,319,312,320,1,2
40041,582,499,543,606,562,1,1
40043,71,65,76,62,69,1,2
40045,59,65,56,61,34,1,2
40047,686,755,697,660,732,1,2
40049,322,344,364,398,365,1,2
4005,809,852,877,879,859,2,4
40051,534,542,555,576,591,2,4
40053,52,71,61,60,69,2,4
40055,79,69,81,63,64,1,1
40057,20,30,33,43,30,1,1
40059,42,38,38,47,38,1,2
40061,174,160,185,155,181,1,1
40063,192,206,206,179,183,1,1
40065,279,255,246,266,253,1,2
40067,90,84,94,95,74,1,1
40069,136,130,155,141,148,1,1
4007,812,835,724,762,818,1,1
40071,587,560,609,615,610,1,1
40073,139,172,150,163,171,2,3
40075,147,126,149,135,144,1,1
40077,168,146,172,148,124,1,1
40079,619,590,692,645,649,1,1
40081,395,409,386,425,371,1,2
40083,381,373,361,391,411,2,4
40085,111,110,125,125,115,1,1
40087,354,372,389,416,356,3,6
40089,407,459,428,388,425,1,1
4009,251,279,308,335,287,1,1
40091,265,300,312,333,300,1,1
40093,106,98,113,122,83,1,2
40095,224,188,189,207,202,1,1
40097,501,510,492,472,525,1,2
40099,186,184,198,189,209,1,2
40101,973,950,894,901,931,1,2
40103,143,140,154,149,140,2,3
40105,149,142,137,134,131,1,1
40107,176,173,173,197,210,1,1
40109,7120,7081,7370,7346,7534,2,4
4011,68,52,65,66,67,1,1
40111,500,523,536,522,526,1,1
40113,458,431,455,484,501,1,2
40115,454,454,450,422,447,1,1
40117,217,202,201,213,230,1,2
40119,556,545,608,630,639,2,3
4012,259,272,330,316,309,1,1
40121,629,591,618,623,605,1,2
40123,447,433,419,477,428,2,3
40125,811,892,877,870,866,1,2
40127,177,159,149,144,171,1,1
40129,34,42,32,37,41,1,2
4013,29197,30748,31326,32260,32792,3,6
40131,880,897,919,939,877,3,6
40133,357,328,345,363,348,1,1
40135,520,543,572,521,493,1,1
40137,556,561,541,613,605,1,2
40139,188,206,172,185,181,1,1
40141,106,91,84,103,96,1,1
40143,5731,5797,6042,6142,5980,3,5
40145,602,605,628,648,675,3,5
40147,616,651,638,705,639,2,4
40149,132,150,151,157,137,1,2
4015,3090,3250,3298,3431,3375,1,1
40151,92,80,103,105,132,2,4
40153,171,222,205,199,197,2,3
4017,922,1016,1075,1140,1203,1,1
4019,9248,9508,9584,9853,9991,2,3
4021,2985,3023,3137,3154,3338,2,3
4023,296,303,297,278,335,1,1
4025,2926,2968,3133,3122,3075,2,4
4027,1431,1510,1514,1631,1640,1,1
41001,219,190,209,221,232,1,2
41003,552,592,590,574,616,4,8
41005,3378,3511,3408,3422,3513,5,9
41007,392,397,437,382,400,3,5
41009,442,473,460,485,475,2,4
41011,899,865,973,942,939,1,2
41013,255,257,273,282,258,2,3
41015,427,390,375,341,414,2,3
41017,1517,1474,1517,1534,1540,4,8
41019,1492,1452,1555,1516,1560,1,2
41021,22,21,21,25,13,1,2
41023,90,95,94,95,96,1,2
41025,87,100,66,87,96,1,2
41027,185,176,190,192,186,4,7
41029,2436,2360,2470,2356,2431,3,5
41031,201,207,201,212,224,1,2
41033,1223,1244,1236,1240,1283,1,2
41035,759,790,830,845,856,1,1
41037,97,114,74,109,107,1,2
41039,3537,3495,3718,3642,3904,2,4
41041,599,610,652,596,664,2,3
41043,1284,1314,1319,1304,1404,2,3
41045,331,298,323,291,290,1,1
41047,2727,2847,2876,2793,2924,2,4
41049,97,77,73,84,91,1,1
41051,5832,5679,5823,5772,5928,4,8
41053,662,677,719,707,744,3,6
41055,22,20,19,19,21,1,2
41057,307,322,301,303,306,2,3
41059,651,696,658,673,672,1,1
41061,291,263,264,289,324,2,3
41063,87,85,89,92,92,1,2
41065,332,322,334,336,309,2,3
41067,3311,3407,3428,3447,3521,5,9
41069,25,15,17,25,14,1,2
41071,937,943,1032,954,923,3,6
42001,1069,1047,1046,1127,1028,3,5
42003,13894,13815,14133,13802,13632,4,7
42005,852,912,900,828,868,1,2
42007,2189,2204,2192,2218,2203,2,4
42009,581,586,615,570,584,1,2
42011,3984,4061,4034,3924,4085,2,4
42013,1657,1638,1614,1609,1596,2,3
42015,726,657,699,719,716,1,2
42017,5983,6033,6176,6299,6176,5,10
42019,1945,1976,2094,2009,2104,4,8
42021,1942,1935,1907,1848,1887,1,2
42023,65,48,73,80,55,1,1
42025,863,820,833,798,753,2,3
42027,988,966,1003,995,1008,4,7
42029,3952,3882,4111,4105,4084,5,10
42031,399,427,412,437,422,1,2
42033,903,981,984,975,995,1,1
42035,392,406,392,462,442,1,2
42037,722,686,724,730,698,2,3
42039,1049,993,994,1016,1019,1,2
42041,2308,2369,2524,2453,2381,4,8
42043,2546,2568,2595,2551,2587,3,6
42045,5425,5618,5510,5462,5630,4,8
42047,410,391,395,383,367,1,2
42049,2866,2945,3020,2912,2934,2,3
42051,1810,1834,1922,1795,1802,1,2
42053,81,87,94,77,96,1,2
42055,1554,1584,1669,1619,1572,3,5
42057,196,164,160,150,157,1,2
42059,468,451,448,466,454,1,2
42061,465,469,495,520,469,1,2
42063,881,950,1000,879,900,1,2
42065,570,538,577,580,526,1,1
42067,280,266,239,243,263,1,2
42069,2718,2632,2720,2784,2542,2,4
42071,5029,5121,5181,5165,5099,3,5
42073,1155,1210,1232,1184,1175,1,2
42075,1489,1486,1532,1575,1543,2,4
42077,3342,3400,3404,3532,3416,3,6
42079,4031,3922,4167,4180,4202,2,3
42081,1293,1257,1272,1315,1353,2,3
42083,537,507,494,572,534,1,2
42085,1467,1463,1553,1521,1479,1,2
42087,584,516,571,586,579,1,1
42089,1535,1479,1449,1538,1555,3,5
42091,7415,7534,7820,7673,7861,5,10
42093,228,239,231,242,212,3,5
42095,3019,2970,3079,3209,3014,4,7
42097,1179,1169,1184,1205,1190,1,2
42099,476,467,461,463,450,2,4
42101,14148,14508,14498,14333,14224,1,2
42103,534,515,529,594,508,3,6
42105,209,207,233,204,219,1,1
42107,1940,2052,1965,1912,1932,1,2
42109,332,349,347,375,401,2,3
42111,1002,986,1036,923,995,1,2
42113,111,83,105,91,109,2,3
42115,518,472,512,523,467,2,3
42117,454,428,492,492,453,1,2
42119,364,377,399,362,374,3,5
42121,666,623,689,612,685,1,2
42123,518,478,538,516,480,1,2
42125,2615,2543,2641,2560,2614,3,6
42127,603,642,605,616,621,2,4
42129,4558,4604,4559,4650,4577,3,5
42131,310,304,343,364,334,2,3
42133,4204,4190,4231,4190,4293,3,6
44001,558,538,520,521,521,5,9
44003,1774,1673,1815,1724,1878,4,8
44005,847,816,856,774,871,5,9
44007,5743,5612,5770,5808,5724,2,4
44009,1241,1096,1196,1256,1262,5,9
45001,305,328,283,331,299,1,1
45003,1676,1718,1861,1904,1891,2,3
45005,102,109,132,137,116,1,1
45007,2203,2313,2204,2269,2249,2,3
45009,188,196,181,228,184,1,1
45011,243,269,273,261,266,1,1
45013,1491,1604,1611,1629,1693,4,8
45015,1388,1503,1521,1552,1663,3,6
45017,176,165,174,203,166,1,1
45019,3207,3171,3366,3323,3460,4,8
45021,673,617,659,704,693,1,1
45023,381,405,451,440,460,1,1
45025,517,546,514,564,541,1,1
45027,385,382,426,436,404,1,1
45029,502,542,554,561,535,1,1
45031,799,869,915,859,871,1,1
45033,386,401,376,357,400,1,1
45035,1101,1180,1182,1269,1221,3,6
45037,229,235,225,246,232,1,1
45039,302,291,317,275,302,1,1
45041,1435,1516,1492,1639,1686,1,2
45043,772,783,782,812,825,1,2
45045,4294,4424,4425,4553,4392,3,6
45047,756,753,834,863,822,1,2
45049,218,239,246,241,269,1,1
45051,3293,3501,3642,3821,3915,2,4
45053,237,215,258,274,276,1,1
45055,683,697,647,682,743,1,2
45057,884,874,911,904,1011,2,4
45059,805,801,927,888,903,1,1
45061,225,267,248,258,257,1,1
45063,2380,2470,2582,2599,2664,3,5
45065,131,130,155,135,179,1,1
45067,414,417,422,448,443,1,1
45069,367,373,349,312,393,1,1
45071,490,439,411,440,450,1,1
45073,912,835,942,1007,947,1,2
45075,1036,1040,1073,1133,1109,1,1
45077,1194,1183,1228,1249,1317,2,3
45079,3043,3028,3118,3192,3052,3,5
45081,222,229,208,207,213,1,1
45083,3102,3047,3184,3243,3254,2,3
45085,1143,1122,1178,1180,1144,1,1
45087,408,428,369,400,389,1,1
45089,430,405,430,443,422,1,1
45091,2070,2070,2155,2169,2241,4,7
46003,24,20,32,37,32,1,2
46005,206,195,177,188,205,1,2
46007,34,45,42,39,32,1,1
46009,71,75,89,74,92,2,4
46011,182,202,177,202,202,3,6
46013,362,376,365,369,337,3,6
46015,57,60,45,43,64,1,2
46017,21,32,20,27,20,1,2
46019,112,98,121,99,131,2,4
46021,18,13,19,12,16,3,6
46023,129,113,111,113,107,1,1
46025,40,47,40,37,41,3,5
46027,101,105,110,101,97,3,5
46029,235,241,248,240,269,2,4
46031,47,51,52,53,51,1,1
46033,93,108,96,100,111,1,1
46035,210,225,217,235,237,2,4
46037,71,76,86,87,68,2,3
46039,48,47,53,50,44,3,5
46041,73,52,59,57,57,1,1
46043,45,42,36,45,44,1,1
46045,39,43,45,48,34,3,6
46047,120,115,122,116,123,1,1
46049,40,31,27,35,29,3,5
46051,89,91,87,83,98,3,5
46053,64,59,57,63,59,1,2
46055,29,22,30,26,25,1,1
46057,59,73,55,61,73,3,5
46059,49,49,41,52,38,3,5
46061,20,23,34,17,24,3,5
46063,2,8,12,4,6,2,4
46065,154,147,163,159,202,4,7
46067,119,116,110,111,112,2,4
46069,21,28,29,15,26,3,5
46071,36,37,44,29,21,1,1
46073,25,26,30,31,38,1,2
46075,10,8,16,12,8,1,1
46077,75,68,68,59,58,3,5
46079,118,126,129,122,86,3,5
46081,241,237,249,255,228,3,6
46083,230,260,281,270,305,5,9
46085,41,40,31,45,31,1,2
46087,85,72,63,68,83,3,5
46089,37,40,33,28,41,3,6
46091,39,63,39,39,37,2,3
46093,185,193,222,220,241,4,7
46095,27,28,38,32,24,1,1
46097,34,38,30,35,32,3,5
46099,1408,1384,1435,1511,1588,4,7
46101,54,48,62,68,57,3,5
46103,884,903,973,945,1080,3,6
46105,40,42,44,33,42,2,4
46107,40,39,34,31,25,3,5
46109,106,111,113,121,117,2,3
46111,25,28,22,31,27,3,5
46113,149,163,163,149,134,1,1
46115,76,83,76,76,66,3,5
46117,19,24,22,12,23,1,1
46119,11,6,12,16,8,3,5
46121,86,94,88,107,86,1,1
46123,73,82,78,65,88,1,2
46125,109,109,119,106,93,2,4
46127,116,121,139,123,145,4,8
46129,94,87,68,80,60,3,6
46135,254,240,249,240,273,2,4
46137,20,17,19,14,19,1,1
47001,922,911,1071,1043,1040,1,2
47003,451,544,506,522,510,1,2
47005,238,268,271,274,256,1,1
47007,156,128,154,154,157,1,1
47009,1308,1437,1427,1530,1544,3,5
47011,1056,1012,1108,1183,1163,1,2
47013,594,618,626,608,608,1,1
47015,196,169,188,188,166,1,2
47017,476,411,438,430,403,1,1
47019,690,745,725,791,820,1,1
47021,442,411,433,431,457,3,5
47023,177,190,181,195,211,1,2
47025,437,463,430,427,421,1,1
47027,129,123,120,107,110,1,1
47029,512,527,551,535,569,1,1
47031,675,671,722,715,659,1,2
47033,186,186,216,204,189,1,2
47035,830,813,873,863,879,1,2
47037,5242,5433,5499,5526,5516,4,7
47039,166,181,183,167,177,1,1
47041,232,255,258,231,283,1,1
47043,566,596,594,600,605,2,3
47045,428,517,494,489,506,1,1
47047,417,451,410,425,436,2,4
47049,259,259,264,266,252,1,1
47051,509,509,526,488,519,1,2
47053,674,734,670,673,683,1,2
47055,352,363,408,392,433,1,2
47057,291,286,296,318,304,1,1
47059,885,960,992,958,1035,1,2
47061,192,225,235,197,189,1,1
47063,743,762,788,753,837,1,1
47065,3477,3551,3793,3788,3840,3,5
47067,113,94,112,99,94,1,1
47069,284,338,322,299,306,1,1
47071,381,383,410,390,410,1,1
47073,733,736,723,728,831,1,1
47075,200,211,227,248,209,1,1
47077,372,345,351,327,364,1,1
47079,479,480,460,492,493,1,1
47081,277,294,296,312,294,1,1
47083,110,127,120,121,122,1,1
47085,252,230,278,281,241,1,1
47087,183,145,158,170,171,1,2
47089,643,628,683,660,647,1,2
47091,231,250,256,271,270,1,1
47093,4329,4413,4582,4776,4730,3,6
47095,100,109,104,96,96,1,1
47097,287,329,320,290,310,1,1
47099,550,528,582,599,563,1,1
47101,151,144,164,159,185,1,1
47103,415,436,411,485,441,1,2
47105,625,679,681,647,703,2,4
47107,655,691,684,704,731,1,1
47109,374,384,391,400,390,1,1
47111,282,257,270,304,251,1,1
47113,1020,1048,1144,1041,1026,2,3
47115,366,392,384,383,350,1,2
47117,355,353,353,366,384,1,2
47119,884,976,960,939,1040,3,5
47121,160,174,165,170,196,1,2
47123,569,572,564,625,649,1,1
47125,1239,1248,1346,1519,1407,3,5
47127,68,59,75,67,73,1,2
47129,248,251,258,241,278,1,1
47131,374,348,388,429,407,1,1
47133,284,310,325,332,321,1,1
47135,131,124,122,136,113,1,1
47137,68,75,77,93,76,1,1
47139,236,212,253,251,249,1,1
47141,876,850,792,848,844,1,2
47143,440,416,435,447,416,1,1
47145,730,729,772,785,818,1,2
47147,654,701,701,697,709,2,4
47149,1869,1941,2124,2115,2243,4,7
47151,271,265,296,294,268,1,1
47153,174,160,159,162,170,1,1
47155,1021,1063,1095,1142,1139,2,3
47157,8242,8129,8270,8528,8723,2,3
47159,184,210,191,252,234,1,2
47161,154,163,146,179,178,1,1
47163,2115,2013,2180,2126,2194,1,2
47165,1481,1589,1700,1682,1701,4,7
47167,624,627,614,617,619,2,3
47169,100,111,96,113,77,1,2
47171,275,284,290,308,299,1,1
47173,241,204,235,226,225,1,1
47175,71,99,71,91,107,1,1
47177,496,526,502,519,528,1,1
47179,1407,1408,1555,1477,1525,2,4
47181,211,214,229,197,213,1,1
47183,395,394,388,401,420,1,1
47185,379,377,367,402,356,1,1
47187,1181,1214,1341,1382,1483,5,10
47189,1043,1088,1098,1167,1248,4,8
48001,655,651,690,692,668,1,1
48003,138,109,154,130,125,1,2
48005,872,907,924,964,909,1,1
48007,359,339,357,309,361,1,1
48009,91,100,88,80,99,1,2
48011,38,27,26,26,32,3,5
48013,408,378,408,430,437,1,1
48015,273,287,284,279,302,2,3
48017,50,75,51,56,62,1,1
48019,221,215,263,262,285,2,4
48021,664,702,700,723,685,2,3
48023,61,66,67,68,64,1,1
48025,271,249,280,293,268,1,1
48027,2276,2164,2209,2337,2510,2,3
48029,13000,13216,13280,14165,13945,2,4
48031,122,135,120,142,118,3,5
48033,10,3,2,6,11,1,1
48035,224,258,256,261,262,1,2
48037,1081,954,1068,1112,1082,1,2
48039,2160,2388,2420,2383,2421,4,7
48041,1066,959,983,1122,1129,2,4
48043,82,89,87,79,92,1,1
48045,20,25,15,17,19,1,1
48047,91,69,73,83,91,1,1
48049,515,503,504,465,531,1,2
48051,215,246,237,236,241,1,2
48053,530,489,498,528,558,2,4
48055,322,329,371,393,386,1,2
48057,198,203,213,208,204,1,1
48059,179,187,174,166,169,2,3
48061,2687,2728,2737,2796,2782,1,1
48063,132,156,137,152,146,1,1
48065,58,58,80,57,54,3,5
48067,418,431,432,378,417,1,1
48069,65,50,60,75,59,1,1
48071,291,281,284,289,294,3,5
48073,560,553,590,568,553,1,1
48075,74,89,75,61,95,1,1
48077,131,118,132,120,145,1,2
48079,31,30,25,23,31,1,1
48081,53,56,52,48,51,1,2
48083,133,122,143,140,162,1,1
48085,4010,4208,4411,4704,4869,5,10
48087,39,39,30,46,36,1,1
48089,256,263,268,246,268,1,2
48091,1109,1152,1240,1352,1321,4,8
48093,188,171,185,180,191,1,2
48095,33,31,36,27,37,1,1
48097,413,408,399,412,454,2,3
48099,526,461,475,498,533,1,2
48101,31,26,23,24,14,1,1
48103,36,27,41,37,46,1,2
48105,26,35,46,41,41,1,2
48107,77,66,75,81,66,1,1
48109,14,24,18,20,26,1,1
48111,38,48,49,36,49,1,1
48113,15761,16048,16446,16679,16531,2,4
48115,129,126,136,140,128,1,1
48117,145,150,150,148,156,1,1
48119,73,71,70,86,54,1,2
48121,3381,3627,3761,3890,4124,5,9
48123,253,271,261,288,271,1,1
48125,26,28,28,29,29,1,1
48127,109,98,68,96,103,1,1
48129,51,53,51,43,56,3,5
48131,149,121,146,121,118,1,1
48133,265,263,243,252,277,1,1
48135,1196,1170,1269,1213,1275,1,2
48137,33,24,27,25,25,1,1
48139,1211,1228,1336,1309,1314,3,6
48141,5306,5218,5448,5604,5724,1,1
48143,323,352,385,326,315,2,3
48145,178,193,195,191,182,1,1
48147,458,461,441,442,444,2,3
48149,327,298,363,305,296,2,3
48151,52,48,41,40,46,1,1
48153,67,64,53,66,67,1,1
48155,16,20,24,22,21,1,1
48157,2992,3160,3375,3513,3608,5,10
48159,122,123,113,136,119,1,2
48161,203,194,200,252,232,1,1
48163,155,128,139,157,146,1,1
48165,128,120,106,118,131,1,1
48167,2681,2776,2872,2850,2850,3,6
48169,56,33,55,49,44,1,1
48171,319,357,389,378,340,3,5
48173,3,6,5,7,5,1,2
48175,87,104,80,79,76,1,1
48177,187,214,225,196,224,1,1
48179,270,260,272,280,265,1,1
48181,1466,1357,1471,1583,1473,2,3
48183,1279,1250,1360,1343,1365,1,2
48185,279,283,283,280,308,1,1
48187,1044,1096,1081,1189,1197,4,7
48189,322,308,301,321,333,1,1
48191,57,43,46,35,46,1,1
48193,155,149,138,127,136,1,2
48195,53,46,56,45,52,1,1
48197,49,49,51,48,47,1,1
48199,536,610,582,621,625,2,3
48201,25477,25997,26806,27167,26730,2,3
48203,689,692,645,704,663,1,2
48205,52,52,43,47,34,1,1
48207,62,85,76,80,71,1,1
48209,1008,1088,1155,1170,1182,4,7
48211,35,37,49,24,34,1,2
48213,1085,1081,1148,1105,1139,1,1
48215,4184,4341,4445,4463,4763,1,1
48217,456,453,430,471,468,1,2
48219,224,215,228,203,223,1,1
48221,754,676,673,793,745,3,5
48223,399,363,459,403,436,1,2
48225,271,302,310,299,273,1,1
48227,416,366,398,383,337,1,1
48229,12,23,30,25,33,1,1
48231,958,927,990,968,973,1,2
48233,276,242,237,230,270,1,1
48235,10,15,12,15,15,1,1
48237,96,103,94,98,101,1,2
48239,146,151,155,195,146,1,2
48241,461,419,425,449,454,1,1
48243,16,15,22,18,29,1,1
48245,2520,2549,2568,2486,2465,1,2
48247,50,46,43,60,51,1,1
48249,426,369,384,439,433,1,1
48251,1342,1418,1408,1497,1543,2,4
48253,214,188,190,162,171,1,2
48255,131,121,145,169,164,1,1
48257,897,918,962,1061,1102,2,4
48259,377,379,367,378,388,5,9
48261,3,5,7,4,3,1,1
48263,9,9,15,7,8,1,1
48265,774,724,726,767,736,2,4
48267,45,55,68,77,53,1,1
48269,NA,3,1,2,4,1,1
48271,42,29,39,45,42,1,1
48273,243,276,306,269,315,1,1
48275,61,52,62,50,44,1,1
48277,645,564,632,638,647,1,1
48279,147,162,125,160,161,1,1
48281,197,220,201,233,239,2,3
48283,61,65,58,56,49,1,1
48285,269,248,283,255,246,1,2
48287,184,182,173,204,161,1,2
48289,223,211,208,223,230,1,1
48291,768,829,859,855,827,1,1
48293,290,263,256,303,290,1,1
48295,22,28,29,35,28,1,2
48297,143,130,128,120,112,1,2
48299,311,300,325,348,359,1,2
48301,NA,1,2,NA,2,1,1
48303,2443,2438,2591,2663,2632,2,3
48305,51,62,67,60,65,1,1
48307,117,77,118,109,123,1,1
48309,2125,2033,2233,2263,2242,1,2
48311,7,5,12,7,5,1,2
48313,126,134,136,168,140,1,2
48315,169,174,175,144,155,1,1
48317,52,42,47,66,46,1,2
48319,44,51,61,45,51,1,1
48321,408,426,401,390,422,1,1
48323,401,403,386,405,412,1,1
48325,430,412,426,452,488,1,2
48327,33,41,31,39,31,1,1
48329,1099,1096,1086,1143,1185,4,7
48331,288,308,307,299,286,1,1
48333,62,68,63,81,89,1,2
48335,109,107,88,86,85,1,2
48337,263,258,296,260,318,1,1
48339,3649,3627,3960,3945,4054,4,8
48341,164,141,155,158,140,1,1
48343,180,177,198,183,191,1,1
48345,17,16,18,17,27,1,1
48347,606,543,556,602,613,1,1
48349,570,563,562,523,586,1,1
48351,164,158,167,162,151,1,1
48353,178,175,183,182,208,1,1
48355,2953,2914,3041,2929,3013,1,2
48357,83,82,80,66,59,1,2
48359,18,11,18,19,17,1,1
48361,952,995,1086,990,936,1,2
48363,349,348,341,318,337,1,1
48365,271,293,267,282,280,1,2
48367,1068,1152,1146,1142,1292,3,6
48369,75,69,83,81,76,1,1
48371,114,131,134,128,112,1,1
48373,681,632,672,687,666,1,1
48375,1232,1213,1179,1221,1369,1,1
48377,37,42,61,42,47,1,1
48379,150,154,156,162,138,1,2
48381,1051,1083,1012,1089,1121,4,7
48383,29,39,21,26,22,1,2
48385,38,61,53,55,46,1,1
48387,180,164,184,181,214,1,1
48389,114,115,100,116,124,1,1
48391,108,99,87,82,80,1,1
48393,6,8,9,13,11,1,2
48395,174,199,207,187,187,1,1
48397,545,518,628,686,636,5,10
48399,140,139,140,132,155,1,1
48401,544,523,562,542,557,1,2
48403,168,200,169,163,166,1,1
48405,129,143,123,121,136,1,1
48407,314,343,314,318,342,1,1
48409,645,611,683,636,637,1,2
48411,54,82,69,83,63,1,1
48413,23,26,28,38,28,1,1
48415,179,166,158,193,163,1,1
48417,27,31,35,29,29,2,3
48419,303,283,298,286,315,1,1
48421,35,17,29,26,27,1,1
48423,2113,2033,2152,2198,2186,2,3
48425,97,88,92,102,91,1,2
48427,399,408,437,413,460,1,1
48429,107,117,111,109,117,1,1
48431,9,13,15,18,11,1,2
48433,29,9,25,21,23,1,1
48435,30,31,29,34,33,1,1
48437,81,79,96,98,81,1,1
48439,12297,12899,13236,13493,13537,3,6
48441,1379,1323,1352,1474,1444,2,3
48443,17,11,10,8,8,1,1
48445,139,127,141,130,143,1,1
48447,30,22,23,17,24,1,1
48449,311,275,292,297,331,1,1
48451,973,1030,1152,1119,1078,2,3
48453,5385,5474,5656,5982,5866,5,9
48455,227,258,246,265,229,1,1
48457,276,260,268,300,280,1,1
48459,471,473,510,465,480,1,2
48461,36,24,34,35,28,1,2
48463,233,244,245,253,299,1,1
48465,355,361,417,394,427,1,1
48467,621,664,662,650,681,1,2
48469,848,829,832,808,880,1,2
48471,518,537,552,551,551,1,1
48473,305,326,325,335,342,1,2
48475,134,121,115,119,96,1,1
48477,389,361,376,377,373,2,3
48479,1361,1397,1412,1395,1434,1,1
48481,419,437,440,448,435,1,1
48483,72,59,75,74,53,1,1
48485,1306,1363,1490,1402,1377,1,2
48487,163,159,158,166,156,1,1
48489,151,176,191,175,175,1,1
48491,2629,2768,2774,3103,3152,5,9
48493,410,354,442,411,437,3,5
48495,70,61,77,73,76,1,1
48497,554,658,607,640,656,2,3
48499,614,618,635,639,672,1,2
48501,63,61,62,66,63,1,1
48503,239,275,267,248,253,1,2
48505,85,110,87,100,98,1,1
48507,111,114,105,124,104,1,1
49001,61,54,64,68,55,2,3
49003,353,376,440,403,388,3,5
49005,521,577,549,603,600,3,6
49007,234,237,213,213,216,1,2
49009,14,10,15,8,12,2,3
49011,1741,1789,1845,1876,1863,5,9
49013,159,134,148,149,161,2,3
49015,76,110,107,103,110,2,3
49017,35,49,56,67,39,1,1
49019,83,85,96,93,83,2,3
49021,313,333,333,334,322,2,4
49023,54,70,81,70,94,2,3
49025,80,75,63,81,83,1,1
49027,104,113,105,98,102,2,3
49029,49,66,67,67,71,5,10
49031,17,15,17,27,16,2,3
49033,23,10,19,13,19,5,10
49035,6498,6774,6605,6807,6913,4,8
49037,106,112,119,126,126,1,1
49039,185,194,206,199,202,1,2
49041,187,195,208,203,225,2,3
49043,143,172,138,149,158,5,10
49045,352,350,377,382,424,4,7
49047,242,236,255,251,268,2,3
49049,2495,2480,2521,2596,2726,4,8
49051,128,147,134,146,153,5,10
49053,1235,1306,1428,1435,1458,3,6
49055,32,28,21,27,19,2,3
49057,1814,1816,1805,1760,1830,3,6
50001,317,316,306,343,315,4,8
50003,449,473,475,487,453,3,6
50005,329,321,306,303,336,2,3
50007,1141,1133,1150,1178,1178,5,9
50009,68,75,85,72,78,2,3
5001,234,250,244,249,263,1,1
50011,451,421,451,433,450,4,7
50013,66,60,66,58,53,4,7
50015,203,215,214,188,214,3,6
50017,268,263,270,303,291,3,6
50019,345,331,317,304,328,2,3
50021,689,667,733,743,697,3,5
50023,532,546,561,545,546,4,8
50025,454,485,473,462,444,3,6
50027,607,603,600,608,573,4,7
5003,276,262,264,262,256,1,1
5005,693,700,662,686,719,2,3
5007,1837,1758,1832,1956,1954,4,8
5009,471,461,437,452,474,1,2
5011,141,144,173,144,143,1,1
5013,68,70,85,70,88,1,1
5015,324,315,339,338,335,1,2
5017,153,148,152,148,175,1,1
5019,249,260,229,242,246,2,3
5021,245,245,258,239,231,1,1
5023,385,391,374,387,378,1,2
5025,112,120,106,99,111,2,3
5027,310,312,294,272,284,1,1
5029,276,273,297,265,285,1,1
5031,891,944,957,958,987,2,3
5033,655,648,640,622,656,1,2
5035,465,515,545,519,535,1,1
5037,223,244,229,254,231,1,1
5039,109,125,109,109,103,1,1
5041,171,163,161,179,143,1,1
5043,207,230,208,214,199,1,2
5045,928,976,957,1040,1067,3,5
5047,234,255,202,226,246,1,1
5049,184,151,215,171,209,1,1
5051,1406,1379,1461,1409,1461,2,3
5053,189,221,188,187,230,2,3
5055,505,490,517,499,512,1,1
5057,231,226,256,269,239,1,1
5059,422,433,443,438,427,1,2
5061,192,155,186,167,186,1,1
5063,436,434,401,418,399,1,2
5065,198,182,215,210,212,1,1
5067,221,238,246,233,214,1,1
5069,885,859,857,813,823,1,1
5071,275,258,291,271,291,1,1
5073,78,109,97,101,105,1,1
5075,229,260,264,225,240,1,1
5077,123,107,119,114,128,1,1
5079,124,142,167,153,137,1,1
5081,173,184,169,158,182,1,1
5083,318,254,297,280,312,1,1
5085,690,701,702,673,713,2,3
5087,182,192,204,217,173,1,1
5089,261,258,283,269,241,1,1
5091,485,522,499,533,503,1,1
5093,502,514,558,501,537,1,1
5095,109,143,125,127,111,1,1
5097,144,154,133,125,147,1,1
5099,122,130,116,108,119,1,1
51001,436,430,391,479,449,1,2
51003,869,782,862,880,860,5,9
51005,189,228,217,226,212,1,1
51007,143,159,156,152,176,1,2
51009,313,332,356,366,385,1,2
5101,108,81,111,99,92,1,1
51011,174,198,170,202,182,2,3
51013,908,928,911,865,885,5,10
51015,687,720,693,710,759,2,4
51017,67,61,66,76,70,1,1
51019,742,826,856,835,825,3,5
51021,93,80,96,76,78,1,2
51023,339,330,374,363,374,4,7
51025,200,205,263,206,201,1,1
51027,339,328,311,310,321,1,1
51029,148,168,167,150,184,1,1
5103,346,345,348,333,370,1,1
51031,571,578,573,586,585,2,3
51033,274,273,302,286,301,3,5
51035,355,367,349,357,385,1,1
51036,65,89,91,90,101,1,2
51037,156,151,179,163,171,1,1
51041,2466,2392,2533,2653,2755,5,9
51043,144,173,158,147,166,4,8
51045,55,53,55,54,61,1,2
51047,413,418,445,488,455,4,7
51049,90,101,96,99,106,1,2
5105,128,131,125,116,142,1,1
51051,230,220,210,203,230,1,1
51053,220,259,291,284,287,1,2
51057,142,130,138,129,138,2,4
51059,4990,5060,5252,5176,5244,5,10
51061,536,556,564,573,563,5,9
51063,171,149,158,194,149,2,3
51065,248,192,259,227,243,4,8
51067,608,581,602,669,610,2,3
51069,684,705,688,790,771,4,8
5107,271,254,249,263,245,1,1
51071,236,223,231,223,258,1,2
51073,361,414,422,440,415,3,6
51075,189,179,209,211,228,5,9
51077,198,205,191,219,209,1,1
51079,165,142,162,159,177,3,6
51081,219,138,150,137,121,1,1
51083,431,500,473,503,492,1,1
51085,914,902,958,952,1017,5,9
51087,2840,2786,2889,2834,2769,4,8
51089,594,698,673,728,752,1,1
5109,141,113,139,154,146,1,1
51091,31,21,20,41,34,1,1
51093,306,342,377,379,366,3,6
51095,764,776,810,851,700,5,9
51097,66,94,88,106,110,2,4
51099,165,172,192,182,201,5,9
51101,158,153,142,147,166,4,7
51103,201,212,230,220,215,3,5
51105,304,276,305,335,322,1,1
51107,1228,1441,1443,1518,1504,5,10
51109,300,337,348,378,379,2,4
5111,354,348,340,345,354,1,1
51111,142,153,163,154,170,1,1
51113,146,158,153,147,150,3,5
51115,147,139,119,129,124,2,3
51117,433,457,492,496,454,1,1
51119,146,176,161,171,164,2,3
51121,625,614,642,662,655,3,5
51125,181,206,175,179,197,2,4
51127,173,136,171,187,210,4,7
5113,292,243,275,283,304,1,1
51131,183,183,185,177,163,1,2
51133,172,178,162,175,219,2,4
51135,192,197,204,235,211,1,1
51137,389,414,399,389,442,3,6
51139,290,288,286,302,322,1,1
51141,297,245,278,250,256,1,1
51143,654,703,734,772,759,1,1
51145,205,181,234,225,234,4,8
51147,246,218,243,250,248,1,2
51149,206,242,260,233,273,4,7
5115,583,587,631,634,613,1,2
51153,1751,1876,1990,2107,2041,5,9
51155,407,453,459,460,504,1,2
51157,64,59,71,68,82,3,5
51159,124,125,137,121,117,2,4
51161,996,984,1026,1122,992,4,8
51163,284,258,257,274,265,1,2
51165,684,709,746,771,745,2,3
51167,355,381,364,353,371,1,1
51169,344,348,330,300,334,1,1
5117,106,105,106,125,107,1,1
51171,522,448,469,512,525,2,3
51173,440,407,484,486,473,1,1
51175,137,194,197,199,190,1,2
51177,838,949,957,1007,961,4,8
51179,689,742,778,812,861,5,10
51181,95,81,85,71,74,1,2
51183,149,149,134,125,150,1,1
51185,597,613,615,606,666,1,1
51187,357,344,408,406,430,3,5
5119,3677,3663,3800,3840,3854,3,5
51191,611,605,668,713,723,1,2
51193,248,222,240,233,248,1,2
51195,526,524,512,486,539,1,1
51197,457,387,404,414,400,1,2
51199,423,422,396,501,504,3,6
5121,260,230,283,240,246,1,1
5123,278,282,260,279,267,1,1
5125,1127,1104,1189,1187,1220,4,7
5127,122,148,133,129,144,1,1
5129,114,133,111,117,126,1,1
5131,1263,1288,1363,1308,1323,1,2
5133,162,163,165,146,159,1,1
5135,274,285,303,276,306,1,1
5137,158,173,179,177,168,1,1
5139,512,514,548,561,498,1,2
5141,227,244,266,233,260,1,1
5143,1558,1603,1654,1618,1768,2,4
5145,852,841,869,893,846,1,2
5147,99,114,97,102,114,1,1
5149,264,259,281,279,256,1,1
51510,725,669,738,693,797,5,10
51515,2,4,1,NA,NA,3,5
51520,306,350,278,248,219,1,1
51530,84,77,78,77,90,1,2
51540,298,275,302,281,299,5,9
51550,1768,1752,1828,1854,1933,4,8
51570,274,280,254,253,250,2,4
51580,130,124,115,114,98,1,1
51590,700,674,723,668,729,1,1
51595,19,52,63,66,85,1,1
51600,241,246,233,223,288,5,10
51610,68,96,76,80,138,5,10
51620,137,149,145,144,136,1,2
51630,199,200,212,169,235,4,8
51640,178,180,170,176,140,1,1
51650,1257,1255,1334,1319,1305,3,5
51660,334,321,291,319,320,2,3
51670,320,313,307,314,311,1,1
51678,95,79,86,86,88,1,2
51680,788,733,801,853,836,2,3
51683,227,235,256,260,265,5,9
51685,23,38,28,31,62,5,9
51690,334,313,337,298,308,1,1
51700,1563,1599,1537,1567,1628,3,6
51710,1965,1984,2055,2028,2038,2,3
51720,53,52,48,70,49,1,1
51730,525,537,522,558,547,1,1
51735,114,129,122,134,113,3,6
51740,1095,1106,1108,1063,971,1,2
51750,123,121,119,132,121,1,1
51760,1715,1806,1851,1818,2017,2,3
51770,1096,1229,1281,1276,1217,1,2
51775,367,364,360,353,347,3,5
51790,415,355,377,392,366,2,4
51800,747,719,780,789,804,3,6
51810,3065,3069,3223,3142,3308,5,9
51820,291,291,261,285,288,2,4
51830,40,51,64,63,146,5,9
51840,236,245,282,256,270,3,5
53001,136,126,115,100,128,1,1
53003,276,244,239,266,276,2,3
53005,1476,1428,1469,1456,1500,3,5
53007,696,659,678,704,763,2,4
53009,959,934,1022,1062,1141,2,3
53011,3449,3373,3448,3637,3873,4,8
53013,62,60,61,49,60,2,3
53015,1149,1155,1271,1140,1243,1,2
53017,313,283,298,305,333,2,3
53019,76,84,90,83,84,1,1
53021,367,357,414,423,436,1,1
53023,32,24,23,35,26,2,3
53025,686,671,715,719,705,1,1
53027,796,839,862,875,910,1,2
53029,762,702,797,809,808,4,8
53031,381,361,374,400,410,3,6
53033,12717,13045,13377,13256,13559,5,10
53035,2150,2226,2268,2229,2367,4,8
53037,306,303,327,307,355,2,4
53039,156,196,213,216,206,2,4
53041,899,870,927,956,930,1,2
53043,101,128,111,119,114,1,2
53045,683,660,719,684,715,2,3
53047,470,413,469,434,478,1,1
53049,330,283,351,342,330,1,2
53051,143,154,167,173,156,1,2
53053,6443,6638,6960,6888,6911,3,6
53055,150,162,132,133,147,3,6
53057,1191,1228,1277,1229,1247,3,5
53059,87,103,81,83,106,2,4
53061,5311,5293,5597,5577,5611,5,9
53063,4600,4528,4670,4733,4687,3,5
53065,486,441,469,486,457,1,2
53067,2237,2151,2296,2375,2432,4,8
53069,46,49,39,46,64,1,2
53071,591,607,624,554,568,2,4
53073,1634,1717,1695,1611,1855,3,6
53075,299,254,294,265,267,1,2
53077,1949,2020,2056,2118,2005,1,1
54001,199,193,181,198,200,1,1
54003,990,1047,1051,1103,1111,3,6
54005,342,299,339,327,327,1,1
54007,179,179,178,198,180,1,1
54009,349,349,295,312,338,2,3
54011,1228,1258,1357,1337,1309,1,2
54013,95,79,98,109,95,1,1
54015,108,123,118,136,123,1,1
54017,86,85,83,80,68,1,1
54019,653,661,649,622,656,1,1
54021,84,90,81,94,89,1,1
54023,139,133,121,147,171,1,1
54025,496,477,499,499,563,1,2
54027,280,256,290,254,304,1,1
54029,411,443,462,442,425,1,2
54031,169,169,137,170,151,1,2
54033,850,851,885,869,923,2,4
54035,367,348,391,382,346,1,2
54037,444,490,536,503,501,4,8
54039,2534,2529,2607,2679,2522,2,3
54041,240,234,244,247,232,1,1
54043,259,277,275,307,318,1,1
54045,574,540,571,555,548,1,1
54047,349,343,295,369,323,1,1
54049,717,710,705,741,712,2,3
54051,409,391,398,399,414,1,2
54053,365,342,345,372,392,1,2
54055,889,847,948,903,888,1,2
54057,343,338,331,344,341,1,2
54059,338,343,371,345,386,1,1
54061,715,726,723,732,705,3,5
54063,177,161,169,191,188,1,1
54065,207,241,236,230,228,2,3
54067,322,337,358,317,352,1,1
54069,585,617,569,570,613,2,4
54071,93,95,96,100,104,1,1
54073,91,94,101,97,103,1,1
54075,107,94,103,107,115,1,1
54077,385,367,393,388,358,1,2
54079,567,621,621,603,654,4,7
54081,1087,1053,1030,1101,1142,1,2
54083,377,366,356,356,383,1,2
54085,127,107,133,132,112,1,1
54087,193,215,208,236,195,1,1
54089,208,186,231,182,180,1,1
54091,214,199,189,207,190,1,2
54093,85,95,76,98,111,1,1
54095,115,122,112,117,115,1,1
54097,257,308,295,254,258,1,1
54099,526,513,552,530,526,1,1
54101,133,117,129,128,124,1,1
54103,210,197,246,234,221,1,1
54105,66,54,67,64,56,1,1
54107,1076,1110,1098,1142,1121,2,3
54109,343,313,344,319,294,1,1
55001,263,271,265,269,273,1,2
55003,188,187,186,204,200,1,2
55005,474,507,520,553,562,2,3
55007,174,170,154,179,154,2,4
55009,1974,2067,2081,2060,2137,3,6
55011,123,127,142,130,140,2,4
55013,186,167,213,197,198,2,4
55015,355,365,367,377,352,4,8
55017,635,592,570,608,657,3,5
55019,347,343,347,362,327,1,1
55021,561,548,532,561,590,3,6
55023,173,156,183,176,197,1,2
55025,3188,3234,3370,3455,3429,5,9
55027,945,921,902,985,989,2,4
55029,351,345,353,340,326,4,7
55031,386,443,402,453,423,2,4
55033,341,338,360,387,343,3,5
55035,921,838,877,896,874,3,6
55037,66,65,78,60,68,1,2
55039,906,928,979,984,1025,3,5
55041,130,127,115,113,141,1,2
55043,516,486,513,471,548,2,4
55045,361,345,324,387,355,3,6
55047,231,230,258,234,240,2,3
55049,229,216,208,185,203,3,6
55051,97,85,88,83,94,1,2
55053,228,190,228,201,208,1,2
55055,661,692,736,723,739,3,6
55057,311,303,296,284,316,1,2
55059,1409,1415,1447,1505,1534,3,5
55061,167,181,212,189,190,3,5
55063,956,1008,1050,1043,1067,3,6
55065,127,145,142,146,156,2,4
55067,238,238,216,198,277,1,1
55069,350,336,342,337,335,2,4
55071,927,861,903,874,895,2,4
55073,1193,1230,1238,1261,1250,3,6
55075,522,488,545,555,591,1,2
55077,214,184,195,210,186,1,2
55078,44,53,48,45,51,1,1
55079,8099,8384,8403,8697,8517,2,3
55081,405,414,456,444,427,2,3
55083,338,389,393,366,380,2,4
55085,490,437,483,475,468,3,5
55087,1500,1432,1414,1516,1567,4,7
55089,822,763,777,826,837,5,10
55091,64,79,61,72,72,2,4
55093,287,286,321,286,280,4,7
55095,451,429,477,469,479,2,4
55097,533,523,536,535,559,3,6
55099,206,185,184,174,194,1,2
55101,1796,1871,1877,1866,1982,3,5
55103,188,190,199,212,185,1,2
55105,1492,1526,1549,1595,1577,2,4
55107,201,168,159,200,193,1,2
55109,596,610,625,619,629,5,9
55111,653,684,663,638,645,3,5
55113,217,218,206,202,224,1,2
55115,441,492,480,498,491,2,3
55117,1127,1165,1097,1150,1167,3,5
55119,199,184,190,190,195,1,2
55121,301,291,310,297,287,2,4
55123,305,316,304,294,292,1,2
55125,291,325,280,306,358,2,3
55127,917,895,961,981,999,3,6
55129,197,205,206,197,220,2,3
55131,1107,1123,1222,1172,1255,4,8
55133,3293,3427,3488,3662,3592,5,10
55135,763,694,778,719,720,1,2
55137,274,274,289,293,310,1,2
55139,1443,1553,1495,1597,1580,3,5
55141,800,858,813,856,868,2,4
56001,153,206,200,204,193,3,6
56003,125,127,164,130,165,1,2
56005,257,207,245,271,285,3,6
56007,124,152,148,118,129,2,4
56009,130,121,135,112,118,2,4
56011,55,65,63,68,66,2,4
56013,432,412,427,447,439,2,4
56015,135,144,133,159,156,2,3
56017,85,62,85,64,86,2,4
56019,102,97,102,111,84,3,5
56021,851,797,788,895,934,4,7
56023,128,142,126,141,156,3,6
56025,747,692,712,741,767,3,6
56027,40,22,27,26,23,2,3
56029,270,286,300,291,302,4,8
56031,103,91,85,133,96,2,3
56033,328,341,307,358,308,4,8
56035,50,52,50,80,65,3,6
56037,267,312,311,324,310,3,5
56039,97,90,70,79,127,5,10
56041,152,142,146,139,171,2,3
56043,86,92,81,99,81,3,5
56045,61,70,63,80,60,2,4
6001,9804,9920,10056,9940,10153,5,10
6003,10,14,32,24,22,3,5
6005,427,448,428,435,475,3,5
6007,2398,2440,2460,2543,2152,2,3
6009,465,530,498,537,517,3,5
6011,166,161,169,163,160,1,1
6013,7855,7713,7985,7843,7921,5,10
6015,289,299,332,276,326,1,1
6017,1585,1520,1585,1602,1591,4,8
6019,6603,6717,7071,7101,7040,1,1
6021,265,257,246,302,250,1,1
6023,1295,1373,1336,1349,1398,2,3
6025,1063,1121,1098,1175,1094,1,1
6027,194,230,225,207,214,3,5
6029,5787,6038,6120,6238,6340,1,1
6031,781,832,913,869,891,1,1
6033,913,853,866,875,884,1,1
6035,240,253,247,253,256,1,2
6037,62408,63185,63792,64268,64547,4,7
6039,1096,1105,1137,1080,1118,1,1
6041,1974,1905,1998,1930,1967,5,10
6043,190,214,206,218,191,1,2
6045,842,873,876,800,893,2,3
6047,1699,1850,1806,1774,1759,1,1
6049,107,128,107,110,120,1,2
6051,65,51,55,51,58,3,5
6053,2592,2573,2643,2642,2594,3,5
6055,1246,1242,1303,1169,1241,5,9
6057,1004,1023,1106,1073,1025,4,8
6059,19314,19588,20192,20476,20434,5,10
6061,3179,3207,3233,3350,3249,5,10
6063,231,217,225,241,203,2,3
6065,16168,16227,16860,17364,17471,2,4
6067,11427,11260,11966,11838,11895,3,6
6069,318,340,393,325,378,4,7
6071,13555,14109,14514,14549,14818,2,3
6073,20908,21420,21732,21781,22151,5,9
6075,5730,5813,5876,5769,5860,5,10
6077,5482,5494,5552,5636,5693,2,3
6079,2350,2411,2540,2470,2398,5,9
6081,4792,4737,4782,4770,4705,5,10
6083,3106,3156,3254,3210,3243,4,8
6085,10061,10120,10318,10207,10175,5,10
6087,1768,1744,1745,1741,1798,5,9
6089,2246,2270,2267,2286,2225,2,3
6091,32,36,33,39,36,2,3
6093,579,614,589,547,596,1,2
6095,3180,3271,3446,3545,3445,4,8
6097,4095,4156,4216,4084,4117,5,9
6099,4293,4294,4350,4301,4408,1,2
6101,825,869,812,850,858,1,2
6103,616,693,711,763,722,1,1
6105,181,154,143,151,182,1,1
6107,3108,3023,3108,3183,3090,1,1
6109,674,657,682,686,682,2,4
6111,5696,5563,5876,5814,5851,5,9
6113,1320,1290,1363,1321,1341,3,6
6115,609,639,715,674,610,1,2
8001,2817,2987,2882,3045,3054,5,9
8003,135,155,136,138,152,1,1
8005,3705,3903,3967,3915,3948,5,9
8007,84,105,112,101,107,4,8
8009,63,45,55,58,50,1,1
8011,57,65,68,79,65,1,1
8013,1812,1807,1834,1873,2008,5,9
8014,377,345,372,420,397,5,9
8015,200,183,176,178,184,3,6
8017,20,15,26,20,16,2,3
8019,60,57,61,60,75,5,9
8021,92,83,84,84,95,1,1
8023,43,35,43,45,39,1,1
8025,42,51,48,43,49,1,2
8027,43,46,46,47,39,2,4
8029,344,388,413,429,404,1,2
8031,4557,4604,4478,4563,4680,4,8
8033,15,20,23,22,22,4,8
8035,1282,1379,1347,1442,1554,5,10
8037,112,111,148,130,172,5,10
8039,126,143,149,155,155,5,10
8041,4294,4705,4871,4956,5015,4,8
8043,536,565,544,580,580,1,2
8045,350,331,337,371,372,4,7
8047,29,29,32,23,43,5,9
8049,82,48,84,76,78,4,8
8051,75,73,83,67,79,2,4
8053,6,4,6,7,12,4,8
8055,113,102,111,107,113,2,4
8057,13,12,17,11,13,4,8
8059,4311,4348,4535,4441,4545,5,9
8061,22,21,27,16,19,2,3
8063,67,76,67,77,70,2,3
8065,46,43,35,30,40,5,9
8067,330,348,348,347,349,4,8
8069,2249,2297,2377,2361,2344,5,9
8071,169,188,172,172,184,1,1
8073,60,56,53,59,61,2,3
8075,195,263,219,192,228,1,2
8077,1459,1511,1487,1540,1640,2,4
8079,4,10,10,6,14,4,8
8081,88,103,102,95,119,1,2
8083,263,260,271,267,298,2,3
8085,439,445,463,410,445,2,3
8087,276,273,288,249,282,1,2
8089,253,219,225,261,254,1,1
8091,22,28,22,41,24,4,8
8093,87,109,91,121,91,4,8
8095,62,51,44,58,49,1,2
8097,62,50,56,67,57,5,10
8099,134,154,125,121,124,1,1
8101,1707,1721,1836,1859,1906,1,2
8103,60,52,48,53,54,1,2
8105,126,137,137,123,137,1,1
8107,110,111,121,133,118,4,8
8109,52,46,48,61,39,2,4
8111,3,5,2,4,5,4,8
8113,23,24,11,21,32,4,8
8115,48,31,32,41,32,1,2
8117,74,65,73,73,70,5,9
8119,164,167,156,181,184,4,8
8121,62,60,44,58,46,1,2
8123,1739,1758,1877,1842,1870,5,9
8125,99,104,108,101,90,1,2
9001,6775,6899,6976,6859,6850,5,9
9003,8009,7984,8240,8239,8338,4,7
9005,1773,1808,1844,1904,1909,4,8
9007,1522,1541,1600,1620,1618,5,9
9009,7982,7745,7881,7933,8106,4,7
9011,2411,2462,2567,2459,2624,4,7
9013,1007,1057,1126,1098,1147,4,8
9015,1056,1047,1078,1118,1153,3,5
